error_id,session_id,student_id,stage,error_scope,error_message,raw_error,round_index,metadata,recorded_at
3915e2b01a564ec193712119156e5bcc,5fec46b95d7d4fb78acc56a847043b53,9,defense_question,backend,Defense question response was not valid JSON,YandaojieDefenseServiceError('Defense question response was not valid JSON'),0,"{""subject_id"": ""math"", ""subject_topic"": ""《可爱的小猫》""}",2026-05-28T02:08:09.721000
7421c02db20e461d9d12f4f158e2b6df,f9fe30e6c18447d1b956d9faaaa978b5,20,defense_question,backend,DeepSeek response had empty content,YandaojieDefenseServiceError('DeepSeek response had empty content'),0,"{""subject_id"": ""math"", ""subject_topic"": ""《可爱的小猫》""}",2026-05-28T02:10:04.919000
d73551d35cdc4cab936b6303b7ad3980,2db85724b2a44c2181502df4055bc70d,47,defense_question,backend,Defense question response was not valid JSON,YandaojieDefenseServiceError('Defense question response was not valid JSON'),2,"{""subject_id"": ""math"", ""subject_topic"": ""《可爱的小猫》""}",2026-05-28T02:11:26.865000
5a20d86c0cd84590add2b012e3640fe2,e50c980507954e9faab9355a9a7988c8,4号,defense_question,backend,Defense question response was not valid JSON,YandaojieDefenseServiceError('Defense question response was not valid JSON'),3,"{""subject_id"": ""math"", ""subject_topic"": ""《可爱的小猫》""}",2026-05-28T02:13:38.355000
f8aa416334d14ac3b60bb4cc35049de1,4e38cfadb9384a35b6575d46f922d449,17,defense_question,backend,Unable to generate a Yandaojie defense question,YandaojieDefenseServiceError('Unable to generate a Yandaojie defense question'),1,"{""subject_id"": ""math"", ""subject_topic"": ""《可爱的小猫》""}",2026-05-28T02:14:03.749000
c2c73067b50b4e9b807f720d069be252,ef6089e70115433f826b2fb7ca8a9e8d,32,defense_question,backend,Unable to generate a Yandaojie defense question,YandaojieDefenseServiceError('Unable to generate a Yandaojie defense question'),0,"{""subject_id"": ""math"", ""subject_topic"": ""《可爱的小猫》""}",2026-05-28T02:14:08.269000
97cc08df28514dd88ad8fe9b75304183,fd89609db4ce4f74bb5a34088cea00fa,2,defense_question,backend,Unable to generate a Yandaojie defense question,YandaojieDefenseServiceError('Unable to generate a Yandaojie defense question'),1,"{""subject_id"": ""math"", ""subject_topic"": ""《可爱的小猫》""}",2026-05-28T02:14:14.386000
9924836b428c4de7b7fa8ad86f67f60a,de4d21978f7345b0a4e80ba7538d617f,7,defense_question,backend,Unable to generate a Yandaojie defense question,YandaojieDefenseServiceError('Unable to generate a Yandaojie defense question'),2,"{""subject_id"": ""math"", ""subject_topic"": ""《可爱的小猫》""}",2026-05-28T02:14:24.730000
715c535dc2354461bf366befdbbe88f6,0f43e1e032014d5ca2c8320804c1e5b8,24,defense_question,backend,Unable to generate a Yandaojie defense question,YandaojieDefenseServiceError('Unable to generate a Yandaojie defense question'),2,"{""subject_id"": ""math"", ""subject_topic"": ""《可爱的小猫》""}",2026-05-28T02:14:32.968000
b00c464fa8004d11af4485c5a359bbd9,6e0f02619a0740bb9fd045cf68816ee6,43,defense_question,backend,Unable to generate a Yandaojie defense question,YandaojieDefenseServiceError('Unable to generate a Yandaojie defense question'),3,"{""subject_id"": ""math"", ""subject_topic"": ""《可爱的小猫》""}",2026-05-28T02:14:37.537000
377dab925ff1466890c2cb4180a6ba09,e50c980507954e9faab9355a9a7988c8,4号,defense_question,backend,Unable to generate a Yandaojie defense question,YandaojieDefenseServiceError('Unable to generate a Yandaojie defense question'),2,"{""subject_id"": ""math"", ""subject_topic"": ""《可爱的小猫》""}",2026-05-28T02:14:45.436000
7225b6f357eb422b8d07961d7dc0970c,e566af60059948d9a2377e746d0c0a32,48,defense_question,backend,Unable to generate a Yandaojie defense question,YandaojieDefenseServiceError('Unable to generate a Yandaojie defense question'),2,"{""subject_id"": ""math"", ""subject_topic"": ""《可爱的小猫》""}",2026-05-28T02:14:50.056000
6f91399530b044719d5fb3bd116c8f01,c2aa3c13793148bba1eb31f181391b9a,13,defense_question,backend,Unable to generate a Yandaojie defense question,YandaojieDefenseServiceError('Unable to generate a Yandaojie defense question'),4,"{""subject_id"": ""math"", ""subject_topic"": ""《可爱的小猫》""}",2026-05-28T02:15:03.826000
7e1bf81c2c6a4ebab3814a05ccf49f8d,4e38cfadb9384a35b6575d46f922d449,17,defense_question,backend,Unable to generate a Yandaojie defense question,YandaojieDefenseServiceError('Unable to generate a Yandaojie defense question'),0,"{""subject_id"": ""math"", ""subject_topic"": ""《可爱的小猫》""}",2026-05-28T02:15:13.193000
488b23eff9824d5ab1164d56cb38be9e,989ea1dd970b47fcb54add063e899444,27,defense_question,backend,Unable to generate a Yandaojie defense question,YandaojieDefenseServiceError('Unable to generate a Yandaojie defense question'),3,"{""subject_id"": ""math"", ""subject_topic"": ""《可爱的小猫》""}",2026-05-28T02:15:14.238000
4c8d895d13fe44a6a892cc16258e1248,ef6089e70115433f826b2fb7ca8a9e8d,32,defense_question,backend,Unable to generate a Yandaojie defense question,YandaojieDefenseServiceError('Unable to generate a Yandaojie defense question'),0,"{""subject_id"": ""math"", ""subject_topic"": ""《可爱的小猫》""}",2026-05-28T02:15:16.296000
11350b59286547b58c87c79bd3e4c574,fd89609db4ce4f74bb5a34088cea00fa,2,defense_question,backend,Unable to generate a Yandaojie defense question,YandaojieDefenseServiceError('Unable to generate a Yandaojie defense question'),0,"{""subject_id"": ""math"", ""subject_topic"": ""《可爱的小猫》""}",2026-05-28T02:15:18.634000
e32c7ffa279847aca213c291a3fba7e7,de4d21978f7345b0a4e80ba7538d617f,7,defense_question,backend,Unable to generate a Yandaojie defense question,YandaojieDefenseServiceError('Unable to generate a Yandaojie defense question'),1,"{""subject_id"": ""math"", ""subject_topic"": ""《可爱的小猫》""}",2026-05-28T02:15:32.182000
d7e1f3e6068948928f9ab49f35079789,0da7cf07f26c4b3bb366aa00b857116d,36,defense_question,backend,Unable to generate a Yandaojie defense question,YandaojieDefenseServiceError('Unable to generate a Yandaojie defense question'),4,"{""subject_id"": ""math"", ""subject_topic"": ""《可爱的小猫》""}",2026-05-28T02:15:40.054000
3ce70e1c60224c21ab4f1d4a466df9ea,fd13eb646b5e4b4986aaf389dbbe8896,23,defense_question,backend,Unable to generate a Yandaojie defense question,YandaojieDefenseServiceError('Unable to generate a Yandaojie defense question'),4,"{""subject_id"": ""math"", ""subject_topic"": ""《可爱的小猫》""}",2026-05-28T02:15:47.195000
7d24c0a53cae4018bff94f85a2953d28,44f776e193ac494485e290b107f5d744,40,defense_question,backend,Unable to generate a Yandaojie defense question,YandaojieDefenseServiceError('Unable to generate a Yandaojie defense question'),1,"{""subject_id"": ""math"", ""subject_topic"": ""《可爱的小猫》""}",2026-05-28T02:15:49.792000
9d25b16f68c94830855f1d8cf787755f,7f3cc3500f1c4340973383230874f12c,45,defense_question,backend,Unable to generate a Yandaojie defense question,YandaojieDefenseServiceError('Unable to generate a Yandaojie defense question'),3,"{""subject_id"": ""math"", ""subject_topic"": ""《可爱的小猫》""}",2026-05-28T02:15:50.977000
99e616fdd8f54377924a8182e9b00d4e,2db85724b2a44c2181502df4055bc70d,47,defense_question,backend,Unable to generate a Yandaojie defense question,YandaojieDefenseServiceError('Unable to generate a Yandaojie defense question'),2,"{""subject_id"": ""math"", ""subject_topic"": ""《可爱的小猫》""}",2026-05-28T02:15:51.480000
a8b85a1809684dc38363163b5953332c,e566af60059948d9a2377e746d0c0a32,48,defense_question,backend,Unable to generate a Yandaojie defense question,YandaojieDefenseServiceError('Unable to generate a Yandaojie defense question'),1,"{""subject_id"": ""math"", ""subject_topic"": ""《可爱的小猫》""}",2026-05-28T02:15:55.918000
f1b5897ff1444241b413436e426cc909,90c4b4bdd09c4c86b24a5fb4e12a7f57,14,defense_question,backend,Unable to generate a Yandaojie defense question,YandaojieDefenseServiceError('Unable to generate a Yandaojie defense question'),2,"{""subject_id"": ""math"", ""subject_topic"": ""《可爱的小猫》""}",2026-05-28T02:16:12.986000
ace06a00626842a790db6a47c5e473c5,5fec46b95d7d4fb78acc56a847043b53,9,defense_question,backend,Unable to generate a Yandaojie defense question,YandaojieDefenseServiceError('Unable to generate a Yandaojie defense question'),4,"{""subject_id"": ""math"", ""subject_topic"": ""《可爱的小猫》""}",2026-05-28T02:16:14.640000
46b379b42c5a48c7a2f920a5b5be971e,c2aa3c13793148bba1eb31f181391b9a,13,defense_question,backend,Unable to generate a Yandaojie defense question,YandaojieDefenseServiceError('Unable to generate a Yandaojie defense question'),3,"{""subject_id"": ""math"", ""subject_topic"": ""《可爱的小猫》""}",2026-05-28T02:16:17.385000
85bb8fd2c5134c6faf5139d4366de3ac,f8e13ed1707c471bb7833654466858a8,18,defense_question,backend,Unable to generate a Yandaojie defense question,YandaojieDefenseServiceError('Unable to generate a Yandaojie defense question'),3,"{""subject_id"": ""math"", ""subject_topic"": ""《可爱的小猫》""}",2026-05-28T02:16:17.387000
2d7d3fd57cb94195b1e1669f9520b8b6,b48634af6a9b41568ddfd1e366eab63e,44,defense_question,backend,Unable to generate a Yandaojie defense question,YandaojieDefenseServiceError('Unable to generate a Yandaojie defense question'),3,"{""subject_id"": ""math"", ""subject_topic"": ""《可爱的小猫》""}",2026-05-28T02:16:19.513000
164ec310d2b748bea3be9c1d4f30f5b4,616a3dd7c60a4deeaf056c468606b0fa,19,defense_question,backend,Defense question response was not valid JSON,YandaojieDefenseServiceError('Defense question response was not valid JSON'),3,"{""subject_id"": ""math"", ""subject_topic"": ""《可爱的小猫》""}",2026-05-28T02:16:19.962000
41bba3733cea4b89b32476ca337ac259,b5aba6b8fab84f859491d4c5e78a841b,22,defense_question,backend,Unable to generate a Yandaojie defense question,YandaojieDefenseServiceError('Unable to generate a Yandaojie defense question'),4,"{""subject_id"": ""math"", ""subject_topic"": ""《可爱的小猫》""}",2026-05-28T02:16:22.290000
baba9d6a376c4442ad4037d060c4d5b9,ae331b4e716b477babdbd02452383b7a,10号,defense_question,backend,Unable to generate a Yandaojie defense question,YandaojieDefenseServiceError('Unable to generate a Yandaojie defense question'),4,"{""subject_id"": ""math"", ""subject_topic"": ""《可爱的小猫》""}",2026-05-28T02:16:24.229000
eb1711e8f3814846b79a4e76c28c373e,f9fe30e6c18447d1b956d9faaaa978b5,20,defense_question,backend,Unable to generate a Yandaojie defense question,YandaojieDefenseServiceError('Unable to generate a Yandaojie defense question'),3,"{""subject_id"": ""math"", ""subject_topic"": ""《可爱的小猫》""}",2026-05-28T02:16:24.851000
81be4789171948d2b1c84df38de689cb,989ea1dd970b47fcb54add063e899444,27,defense_question,backend,Unable to generate a Yandaojie defense question,YandaojieDefenseServiceError('Unable to generate a Yandaojie defense question'),2,"{""subject_id"": ""math"", ""subject_topic"": ""《可爱的小猫》""}",2026-05-28T02:16:29.491000
b92274659faa4cd3b7720ebcea955137,aa1383ea890b49d3bc627a6b69811cdd,31,defense_question,backend,Unable to generate a Yandaojie defense question,YandaojieDefenseServiceError('Unable to generate a Yandaojie defense question'),3,"{""subject_id"": ""math"", ""subject_topic"": ""《可爱的小猫》""}",2026-05-28T02:16:39.683000
1083cf68ea8843a7ad62f0a1cf7e9a5b,51d1dda69cc84de6b3994e33d456c7e2,4,defense_question,backend,Unable to generate a Yandaojie defense question,YandaojieDefenseServiceError('Unable to generate a Yandaojie defense question'),0,"{""subject_id"": ""math"", ""subject_topic"": ""《可爱的小猫》""}",2026-05-28T02:16:40.555000
a04250f90b2f439f8cc571f046521b1e,26c2fc93fd9b4f1fa3cd64c214c2bf80,46,defense_question,backend,Unable to generate a Yandaojie defense question,YandaojieDefenseServiceError('Unable to generate a Yandaojie defense question'),2,"{""subject_id"": ""math"", ""subject_topic"": ""《可爱的小猫》""}",2026-05-28T02:16:40.722000
409a9ea0ba5747e0b1990efb6f024ebb,0f43e1e032014d5ca2c8320804c1e5b8,24,defense_question,backend,Unable to generate a Yandaojie defense question,YandaojieDefenseServiceError('Unable to generate a Yandaojie defense question'),1,"{""subject_id"": ""math"", ""subject_topic"": ""《可爱的小猫》""}",2026-05-28T02:16:41.029000
9c57e9b5b4fa4c3cb4baa3370c2519f4,fd89609db4ce4f74bb5a34088cea00fa,2,defense_question,backend,Unable to generate a Yandaojie defense question,YandaojieDefenseServiceError('Unable to generate a Yandaojie defense question'),0,"{""subject_id"": ""math"", ""subject_topic"": ""《可爱的小猫》""}",2026-05-28T02:16:49.123000
ef048d808d674bb4ba9a752bb738a463,6e0f02619a0740bb9fd045cf68816ee6,43,defense_question,backend,Unable to generate a Yandaojie defense question,YandaojieDefenseServiceError('Unable to generate a Yandaojie defense question'),2,"{""subject_id"": ""math"", ""subject_topic"": ""《可爱的小猫》""}",2026-05-28T02:16:50.471000
56d747043b0a48a098d22246e7efd3e2,cda0296923954328a259094a34baba3b,39,defense_question,backend,Unable to generate a Yandaojie defense question,YandaojieDefenseServiceError('Unable to generate a Yandaojie defense question'),3,"{""subject_id"": ""math"", ""subject_topic"": ""《可爱的小猫》""}",2026-05-28T02:17:32.846000
5a363054f8c741b895fed766ea4d9e9f,90c4b4bdd09c4c86b24a5fb4e12a7f57,14,defense_question,backend,Unable to generate a Yandaojie defense question,YandaojieDefenseServiceError('Unable to generate a Yandaojie defense question'),2,"{""subject_id"": ""math"", ""subject_topic"": ""《可爱的小猫》""}",2026-05-28T02:17:54.128000
90cd162e404d479b9d13ff93e66a613b,fd89609db4ce4f74bb5a34088cea00fa,2,defense_question,backend,Unable to generate a Yandaojie defense question,YandaojieDefenseServiceError('Unable to generate a Yandaojie defense question'),0,"{""subject_id"": ""math"", ""subject_topic"": ""《可爱的小猫》""}",2026-05-28T02:17:55.882000
6370850391a34ff7ba7c3cdbf290046a,51d1dda69cc84de6b3994e33d456c7e2,4,defense_question,backend,Unable to generate a Yandaojie defense question,YandaojieDefenseServiceError('Unable to generate a Yandaojie defense question'),0,"{""subject_id"": ""math"", ""subject_topic"": ""《可爱的小猫》""}",2026-05-28T02:17:56.351000
3dffe9ea95174b25aff8f749a3d77cb8,6e0f02619a0740bb9fd045cf68816ee6,43,defense_question,backend,Unable to generate a Yandaojie defense question,YandaojieDefenseServiceError('Unable to generate a Yandaojie defense question'),2,"{""subject_id"": ""math"", ""subject_topic"": ""《可爱的小猫》""}",2026-05-28T02:17:56.973000
e7d1b44b5edf441c9762099cd0eb17ad,9119132b68c94cd9ac3ffa2c594213b9,16,defense_question,backend,Unable to generate a Yandaojie defense question,YandaojieDefenseServiceError('Unable to generate a Yandaojie defense question'),3,"{""subject_id"": ""math"", ""subject_topic"": ""《可爱的小猫》""}",2026-05-28T02:17:57.870000
386fdd56bbb44f4294f45cf4d0ef3342,b9524ce276114336bc48003f5718978d,41,defense_question,backend,Unable to generate a Yandaojie defense question,YandaojieDefenseServiceError('Unable to generate a Yandaojie defense question'),2,"{""subject_id"": ""math"", ""subject_topic"": ""《可爱的小猫》""}",2026-05-28T02:18:10.102000
1b26c7f1ff7f4f51bf92549bec7bba61,0f43e1e032014d5ca2c8320804c1e5b8,24,defense_question,backend,Unable to generate a Yandaojie defense question,YandaojieDefenseServiceError('Unable to generate a Yandaojie defense question'),1,"{""subject_id"": ""math"", ""subject_topic"": ""《可爱的小猫》""}",2026-05-28T02:18:24.500000
4d476c59da094ae78598aed0de30b516,02329085c48d43e9b84eedc709165344,23,defense_question,backend,Unable to generate a Yandaojie defense question,YandaojieDefenseServiceError('Unable to generate a Yandaojie defense question'),1,"{""subject_id"": ""math"", ""subject_topic"": ""《可爱的小猫》""}",2026-05-28T02:18:28.760000
cf5a1b0418154e38ab9a1117fd99f8e9,b5aba6b8fab84f859491d4c5e78a841b,22,defense_question,backend,Unable to generate a Yandaojie defense question,YandaojieDefenseServiceError('Unable to generate a Yandaojie defense question'),3,"{""subject_id"": ""math"", ""subject_topic"": ""《可爱的小猫》""}",2026-05-28T02:18:34.237000
5e29f76f91bb4764a15701232eca91f9,b7aa2e2bfe744bb2a82e80cc37cb512f,27,defense_question,backend,Unable to generate a Yandaojie defense question,YandaojieDefenseServiceError('Unable to generate a Yandaojie defense question'),0,"{""subject_id"": ""math"", ""subject_topic"": ""《可爱的小猫》""}",2026-05-28T02:18:38.451000
1ff726aab5cb45228d9814edb8ac75e7,44f776e193ac494485e290b107f5d744,40,defense_question,backend,Unable to generate a Yandaojie defense question,YandaojieDefenseServiceError('Unable to generate a Yandaojie defense question'),1,"{""subject_id"": ""math"", ""subject_topic"": ""《可爱的小猫》""}",2026-05-28T02:18:41.364000
c733a0be99e84f97ae1abed7cc260c05,989ea1dd970b47fcb54add063e899444,27,defense_question,backend,Unable to generate a Yandaojie defense question,YandaojieDefenseServiceError('Unable to generate a Yandaojie defense question'),2,"{""subject_id"": ""math"", ""subject_topic"": ""《可爱的小猫》""}",2026-05-28T02:18:52.358000
e589e51cab7d4d3a8a373b385930c1ec,04275294032e4eb3b850d2f0044dc615,28,defense_question,backend,Unable to generate a Yandaojie defense question,YandaojieDefenseServiceError('Unable to generate a Yandaojie defense question'),2,"{""subject_id"": ""math"", ""subject_topic"": ""《可爱的小猫》""}",2026-05-28T02:18:54.150000
d1a4ad461862469c955b550878cf98c4,90c4b4bdd09c4c86b24a5fb4e12a7f57,14,defense_question,backend,Unable to generate a Yandaojie defense question,YandaojieDefenseServiceError('Unable to generate a Yandaojie defense question'),1,"{""subject_id"": ""math"", ""subject_topic"": ""《可爱的小猫》""}",2026-05-28T02:18:57.852000
9acb8a24ead5404ba5379c110133c4e2,6e0f02619a0740bb9fd045cf68816ee6,43,defense_question,backend,Unable to generate a Yandaojie defense question,YandaojieDefenseServiceError('Unable to generate a Yandaojie defense question'),2,"{""subject_id"": ""math"", ""subject_topic"": ""《可爱的小猫》""}",2026-05-28T02:19:01.703000
7d69f21dd2534fab895f29194fb99b39,aa1383ea890b49d3bc627a6b69811cdd,31,defense_question,backend,Unable to generate a Yandaojie defense question,YandaojieDefenseServiceError('Unable to generate a Yandaojie defense question'),2,"{""subject_id"": ""math"", ""subject_topic"": ""《可爱的小猫》""}",2026-05-28T02:19:02.829000
447f7762467f4e15856f8a96af0cf9fa,e3a8110ea8784469b2cfdac52536345f,36,defense_question,backend,Unable to generate a Yandaojie defense question,YandaojieDefenseServiceError('Unable to generate a Yandaojie defense question'),0,"{""subject_id"": ""math"", ""subject_topic"": ""《可爱的小猫》""}",2026-05-28T02:19:06.453000
f2533a66f59f4d509fe90f87af6d01d8,fd89609db4ce4f74bb5a34088cea00fa,2,defense_question,backend,Unable to generate a Yandaojie defense question,YandaojieDefenseServiceError('Unable to generate a Yandaojie defense question'),0,"{""subject_id"": ""math"", ""subject_topic"": ""《可爱的小猫》""}",2026-05-28T02:19:13.791000
eb32ec99bd3e485ab7c2427c4d581611,51d1dda69cc84de6b3994e33d456c7e2,4,defense_question,backend,Unable to generate a Yandaojie defense question,YandaojieDefenseServiceError('Unable to generate a Yandaojie defense question'),0,"{""subject_id"": ""math"", ""subject_topic"": ""《可爱的小猫》""}",2026-05-28T02:19:16.879000
b5048a3d9f124cfeab2844e4f1a704a7,2db85724b2a44c2181502df4055bc70d,47,defense_question,backend,Unable to generate a Yandaojie defense question,YandaojieDefenseServiceError('Unable to generate a Yandaojie defense question'),2,"{""subject_id"": ""math"", ""subject_topic"": ""《可爱的小猫》""}",2026-05-28T02:19:17.394000
031666e3763f415cbec15e0c19ce2596,4e38cfadb9384a35b6575d46f922d449,17,defense_question,backend,Unable to generate a Yandaojie defense question,YandaojieDefenseServiceError('Unable to generate a Yandaojie defense question'),1,"{""subject_id"": ""math"", ""subject_topic"": ""《可爱的小猫》""}",2026-05-28T02:19:20.879000
64b904c9cb6148a2913c13ad6d344449,3992a17dd4a74de7b62058837288c760,46,defense_question,backend,Unable to generate a Yandaojie defense question,YandaojieDefenseServiceError('Unable to generate a Yandaojie defense question'),0,"{""subject_id"": ""math"", ""subject_topic"": ""《可爱的小猫》""}",2026-05-28T02:19:23.025000
98b2a0863f5c4f67b4b7097ceceeb017,de4d21978f7345b0a4e80ba7538d617f,7,defense_question,backend,Unable to generate a Yandaojie defense question,YandaojieDefenseServiceError('Unable to generate a Yandaojie defense question'),2,"{""subject_id"": ""math"", ""subject_topic"": ""《可爱的小猫》""}",2026-05-28T02:19:28.211000
3d9ed4405da64a44a0a45350787b97cd,b48634af6a9b41568ddfd1e366eab63e,44,defense_question,backend,Unable to generate a Yandaojie defense question,YandaojieDefenseServiceError('Unable to generate a Yandaojie defense question'),3,"{""subject_id"": ""math"", ""subject_topic"": ""《可爱的小猫》""}",2026-05-28T02:19:34.171000
a2f938dab7a14803a96cf497c4c948ab,6ff87720193445459407f9f877b3cd28,8,defense_question,backend,Unable to generate a Yandaojie defense question,YandaojieDefenseServiceError('Unable to generate a Yandaojie defense question'),3,"{""subject_id"": ""math"", ""subject_topic"": ""《可爱的小猫》""}",2026-05-28T02:19:35.451000
1dabacae00514e3caf3458309653ceed,0f43e1e032014d5ca2c8320804c1e5b8,24,defense_question,backend,Unable to generate a Yandaojie defense question,YandaojieDefenseServiceError('Unable to generate a Yandaojie defense question'),1,"{""subject_id"": ""math"", ""subject_topic"": ""《可爱的小猫》""}",2026-05-28T02:19:45.814000
0a6685d81bd8412fb06c546206dd11ec,cda0296923954328a259094a34baba3b,39,defense_question,backend,Unable to generate a Yandaojie defense question,YandaojieDefenseServiceError('Unable to generate a Yandaojie defense question'),3,"{""subject_id"": ""math"", ""subject_topic"": ""《可爱的小猫》""}",2026-05-28T02:19:48.362000
34f76c2d330b40959b6bbb577e8c654d,90c4b4bdd09c4c86b24a5fb4e12a7f57,14,defense_question,backend,Unable to generate a Yandaojie defense question,YandaojieDefenseServiceError('Unable to generate a Yandaojie defense question'),1,"{""subject_id"": ""math"", ""subject_topic"": ""《可爱的小猫》""}",2026-05-28T02:20:01.393000
21b1c83fe9cd47a789c3daebb29b77a5,04275294032e4eb3b850d2f0044dc615,28,defense_question,backend,Unable to generate a Yandaojie defense question,YandaojieDefenseServiceError('Unable to generate a Yandaojie defense question'),1,"{""subject_id"": ""math"", ""subject_topic"": ""《可爱的小猫》""}",2026-05-28T02:20:03.248000
ef46dcb753db42e5b1a5bdf731151a80,616a3dd7c60a4deeaf056c468606b0fa,19,defense_question,backend,Unable to generate a Yandaojie defense question,YandaojieDefenseServiceError('Unable to generate a Yandaojie defense question'),3,"{""subject_id"": ""math"", ""subject_topic"": ""《可爱的小猫》""}",2026-05-28T02:20:03.836000
69df93e8dbf745e49fdada6ef4cb8a7a,9119132b68c94cd9ac3ffa2c594213b9,16,defense_question,backend,Unable to generate a Yandaojie defense question,YandaojieDefenseServiceError('Unable to generate a Yandaojie defense question'),2,"{""subject_id"": ""math"", ""subject_topic"": ""《可爱的小猫》""}",2026-05-28T02:20:04.077000
68be96f6f546412cb26a21b5ac7041a3,aa1383ea890b49d3bc627a6b69811cdd,31,defense_question,backend,Unable to generate a Yandaojie defense question,YandaojieDefenseServiceError('Unable to generate a Yandaojie defense question'),2,"{""subject_id"": ""math"", ""subject_topic"": ""《可爱的小猫》""}",2026-05-28T02:20:13.644000
a64b1d0a5e5c4ad2a18351dacc770434,ea41f410759f44c5b83b38458f6a6f8b,1,defense_question,backend,Unable to generate a Yandaojie defense question,YandaojieDefenseServiceError('Unable to generate a Yandaojie defense question'),3,"{""subject_id"": ""math"", ""subject_topic"": ""《可爱的小猫》""}",2026-05-28T02:20:19.780000
2ea248a2dc5c44ae990630a72299675d,b9524ce276114336bc48003f5718978d,41,defense_question,backend,Unable to generate a Yandaojie defense question,YandaojieDefenseServiceError('Unable to generate a Yandaojie defense question'),2,"{""subject_id"": ""math"", ""subject_topic"": ""《可爱的小猫》""}",2026-05-28T02:20:27.019000
d6783ec4e6a0439486eb2ee6c1e18ad3,3992a17dd4a74de7b62058837288c760,46,defense_question,backend,Unable to generate a Yandaojie defense question,YandaojieDefenseServiceError('Unable to generate a Yandaojie defense question'),0,"{""subject_id"": ""math"", ""subject_topic"": ""《可爱的小猫》""}",2026-05-28T02:20:32.986000
c9b868b44b124cf980389e4d97145aa2,915041d2bcf84ba2876a5556929ac860,3,defense_question,backend,Unable to generate a Yandaojie defense question,YandaojieDefenseServiceError('Unable to generate a Yandaojie defense question'),4,"{""subject_id"": ""math"", ""subject_topic"": ""《可爱的小猫》""}",2026-05-28T02:20:41.934000
5b171d3c89b3455f9c4106b7bebf6916,51f8c6bcb49349369b1e3668e83ff5f7,26,defense_question,backend,Unable to generate a Yandaojie defense question,YandaojieDefenseServiceError('Unable to generate a Yandaojie defense question'),4,"{""subject_id"": ""math"", ""subject_topic"": ""《可爱的小猫》""}",2026-05-28T02:20:44.757000
72322bf8daf64a48898a871f2df12a7d,b7aa2e2bfe744bb2a82e80cc37cb512f,27,defense_question,backend,Unable to generate a Yandaojie defense question,YandaojieDefenseServiceError('Unable to generate a Yandaojie defense question'),0,"{""subject_id"": ""math"", ""subject_topic"": ""《可爱的小猫》""}",2026-05-28T02:20:44.973000
6715085236e443bba5accd2a7de11d3b,44f776e193ac494485e290b107f5d744,40,defense_question,backend,Unable to generate a Yandaojie defense question,YandaojieDefenseServiceError('Unable to generate a Yandaojie defense question'),0,"{""subject_id"": ""math"", ""subject_topic"": ""《可爱的小猫》""}",2026-05-28T02:20:45.821000
9969145018814d03b825501826412194,fea502ff1e7746e39961439affde92a0,11,defense_question,backend,Unable to generate a Yandaojie defense question,YandaojieDefenseServiceError('Unable to generate a Yandaojie defense question'),2,"{""subject_id"": ""math"", ""subject_topic"": ""《可爱的小猫》""}",2026-05-28T02:20:49.478000
a190d335e5a94bec9f32c5131a6fb3c7,b5aba6b8fab84f859491d4c5e78a841b,22,defense_question,backend,Unable to generate a Yandaojie defense question,YandaojieDefenseServiceError('Unable to generate a Yandaojie defense question'),3,"{""subject_id"": ""math"", ""subject_topic"": ""《可爱的小猫》""}",2026-05-28T02:20:52.621000
c59882bb30e4403d89acf790051fb2f2,90c4b4bdd09c4c86b24a5fb4e12a7f57,14,defense_question,backend,Unable to generate a Yandaojie defense question,YandaojieDefenseServiceError('Unable to generate a Yandaojie defense question'),1,"{""subject_id"": ""math"", ""subject_topic"": ""《可爱的小猫》""}",2026-05-28T02:21:03.372000
c4f7ad25b5b9412b96e79fbbe00f62df,04275294032e4eb3b850d2f0044dc615,28,defense_question,backend,Unable to generate a Yandaojie defense question,YandaojieDefenseServiceError('Unable to generate a Yandaojie defense question'),1,"{""subject_id"": ""math"", ""subject_topic"": ""《可爱的小猫》""}",2026-05-28T02:21:05.792000
c8d65eb56bd64dc281d51777bfb0939f,9119132b68c94cd9ac3ffa2c594213b9,16,defense_question,backend,Unable to generate a Yandaojie defense question,YandaojieDefenseServiceError('Unable to generate a Yandaojie defense question'),2,"{""subject_id"": ""math"", ""subject_topic"": ""《可爱的小猫》""}",2026-05-28T02:21:09.579000
03c466c2c8bf47f98a26faf7eb94983c,e3a8110ea8784469b2cfdac52536345f,36,defense_question,backend,Unable to generate a Yandaojie defense question,YandaojieDefenseServiceError('Unable to generate a Yandaojie defense question'),0,"{""subject_id"": ""math"", ""subject_topic"": ""《可爱的小猫》""}",2026-05-28T02:21:10.891000
946e29e19afd4a49a49461fcc5df1e8c,6e0f02619a0740bb9fd045cf68816ee6,43,defense_question,backend,Unable to generate a Yandaojie defense question,YandaojieDefenseServiceError('Unable to generate a Yandaojie defense question'),2,"{""subject_id"": ""math"", ""subject_topic"": ""《可爱的小猫》""}",2026-05-28T02:21:17.494000
fcb92841887148e2849129e1183639af,4e38cfadb9384a35b6575d46f922d449,17,defense_question,backend,Unable to generate a Yandaojie defense question,YandaojieDefenseServiceError('Unable to generate a Yandaojie defense question'),0,"{""subject_id"": ""math"", ""subject_topic"": ""《可爱的小猫》""}",2026-05-28T02:21:25.545000
b0b88b0164914720a792c98ff1560e3b,2db85724b2a44c2181502df4055bc70d,47,defense_question,backend,Unable to generate a Yandaojie defense question,YandaojieDefenseServiceError('Unable to generate a Yandaojie defense question'),1,"{""subject_id"": ""math"", ""subject_topic"": ""《可爱的小猫》""}",2026-05-28T02:21:27.830000
ffe1d45bf4ef46eb8557148b9c71e93c,ea41f410759f44c5b83b38458f6a6f8b,1,defense_question,backend,Unable to generate a Yandaojie defense question,YandaojieDefenseServiceError('Unable to generate a Yandaojie defense question'),2,"{""subject_id"": ""math"", ""subject_topic"": ""《可爱的小猫》""}",2026-05-28T02:21:28.116000
ac082be70d4f4a9a81bb19d1790c961a,0f43e1e032014d5ca2c8320804c1e5b8,24,defense_question,backend,Unable to generate a Yandaojie defense question,YandaojieDefenseServiceError('Unable to generate a Yandaojie defense question'),1,"{""subject_id"": ""math"", ""subject_topic"": ""《可爱的小猫》""}",2026-05-28T02:21:33.805000
8458d62d471248d1883008f9861e1bc5,de4d21978f7345b0a4e80ba7538d617f,7,defense_question,backend,Unable to generate a Yandaojie defense question,YandaojieDefenseServiceError('Unable to generate a Yandaojie defense question'),1,"{""subject_id"": ""math"", ""subject_topic"": ""《可爱的小猫》""}",2026-05-28T02:21:34.360000
e9c64484c9cc49d39f6013e0e29a9edc,02329085c48d43e9b84eedc709165344,23,defense_question,backend,Unable to generate a Yandaojie defense question,YandaojieDefenseServiceError('Unable to generate a Yandaojie defense question'),0,"{""subject_id"": ""math"", ""subject_topic"": ""《可爱的小猫》""}",2026-05-28T02:21:34.613000
31c45998f59745f7851826ce04eef3fb,616a3dd7c60a4deeaf056c468606b0fa,19,defense_question,backend,Unable to generate a Yandaojie defense question,YandaojieDefenseServiceError('Unable to generate a Yandaojie defense question'),2,"{""subject_id"": ""math"", ""subject_topic"": ""《可爱的小猫》""}",2026-05-28T02:21:35.274000
d29858007e7f49229f68ee7c4b993137,b48634af6a9b41568ddfd1e366eab63e,44,defense_question,backend,Unable to generate a Yandaojie defense question,YandaojieDefenseServiceError('Unable to generate a Yandaojie defense question'),2,"{""subject_id"": ""math"", ""subject_topic"": ""《可爱的小猫》""}",2026-05-28T02:21:39.934000
1b791f49b3344aa8b665223d12e93a98,724c3ad71fc2439fae9750249f20bd4f,49,defense_question,backend,Unable to generate a Yandaojie defense question,YandaojieDefenseServiceError('Unable to generate a Yandaojie defense question'),1,"{""subject_id"": ""math"", ""subject_topic"": ""《可爱的小猫》""}",2026-05-28T02:21:42.187000
6e1db863a36d4d8d98b2970d1e2bfe6e,3992a17dd4a74de7b62058837288c760,46,defense_question,backend,Unable to generate a Yandaojie defense question,YandaojieDefenseServiceError('Unable to generate a Yandaojie defense question'),0,"{""subject_id"": ""math"", ""subject_topic"": ""《可爱的小猫》""}",2026-05-28T02:21:45.682000
ddf3797d8db74ed99d93a9349f948c61,51f8c6bcb49349369b1e3668e83ff5f7,26,defense_question,backend,Unable to generate a Yandaojie defense question,YandaojieDefenseServiceError('Unable to generate a Yandaojie defense question'),3,"{""subject_id"": ""math"", ""subject_topic"": ""《可爱的小猫》""}",2026-05-28T02:21:46.811000
680c55e0629f4d76b7ee9085e3eae887,915041d2bcf84ba2876a5556929ac860,3,defense_question,backend,Unable to generate a Yandaojie defense question,YandaojieDefenseServiceError('Unable to generate a Yandaojie defense question'),3,"{""subject_id"": ""math"", ""subject_topic"": ""《可爱的小猫》""}",2026-05-28T02:21:49.403000
39397c819618465d89223bfc458b7dc0,44f776e193ac494485e290b107f5d744,40,defense_question,backend,Unable to generate a Yandaojie defense question,YandaojieDefenseServiceError('Unable to generate a Yandaojie defense question'),0,"{""subject_id"": ""math"", ""subject_topic"": ""《可爱的小猫》""}",2026-05-28T02:21:50.130000
e0d17fe6d1084a9b9dd1d82049610164,fea502ff1e7746e39961439affde92a0,11,defense_question,backend,Unable to generate a Yandaojie defense question,YandaojieDefenseServiceError('Unable to generate a Yandaojie defense question'),1,"{""subject_id"": ""math"", ""subject_topic"": ""《可爱的小猫》""}",2026-05-28T02:21:51.590000
892ab975f8b14356913a01eac004f516,aa1383ea890b49d3bc627a6b69811cdd,31,defense_question,backend,Unable to generate a Yandaojie defense question,YandaojieDefenseServiceError('Unable to generate a Yandaojie defense question'),2,"{""subject_id"": ""math"", ""subject_topic"": ""《可爱的小猫》""}",2026-05-28T02:21:52.933000
67d4f1885ca54f69a0fd164adcd24887,b7aa2e2bfe744bb2a82e80cc37cb512f,27,defense_question,backend,Unable to generate a Yandaojie defense question,YandaojieDefenseServiceError('Unable to generate a Yandaojie defense question'),0,"{""subject_id"": ""math"", ""subject_topic"": ""《可爱的小猫》""}",2026-05-28T02:21:53.872000
57254cea362a4630b9908c2ccbf4e9db,94b181e961a641b6aa3af8608a89a32d,4号,defense_question,backend,Unable to generate a Yandaojie defense question,YandaojieDefenseServiceError('Unable to generate a Yandaojie defense question'),0,"{""subject_id"": ""math"", ""subject_topic"": ""《可爱的小猫》""}",2026-05-28T02:21:55.712000
3df1b585612949dd80e25b4c0f96373e,b9524ce276114336bc48003f5718978d,41,defense_question,backend,Unable to generate a Yandaojie defense question,YandaojieDefenseServiceError('Unable to generate a Yandaojie defense question'),1,"{""subject_id"": ""math"", ""subject_topic"": ""《可爱的小猫》""}",2026-05-28T02:21:59.483000
993739dc085545f6a3b00e0e61c4660c,724c3ad71fc2439fae9750249f20bd4f,49,defense_question,backend,Unable to generate a Yandaojie defense question,YandaojieDefenseServiceError('Unable to generate a Yandaojie defense question'),0,"{""subject_id"": ""math"", ""subject_topic"": ""《可爱的小猫》""}",2026-05-28T02:21:59.653000
10c31d0084b3423cadbe48666570f9ca,e3a8110ea8784469b2cfdac52536345f,36,defense_question,backend,Unable to generate a Yandaojie defense question,YandaojieDefenseServiceError('Unable to generate a Yandaojie defense question'),0,"{""subject_id"": ""math"", ""subject_topic"": ""《可爱的小猫》""}",2026-05-28T02:22:15.661000
7653603bbce547339cf53c03c25842b6,e566af60059948d9a2377e746d0c0a32,48,defense_question,backend,Unable to generate a Yandaojie defense question,YandaojieDefenseServiceError('Unable to generate a Yandaojie defense question'),2,"{""subject_id"": ""math"", ""subject_topic"": ""《可爱的小猫》""}",2026-05-28T02:22:21.047000
6a9af13561984fc2a7b8a7ae674f54a3,2e42899c36c746cd853cfe12a521a967,32,defense_question,backend,Unable to generate a Yandaojie defense question,YandaojieDefenseServiceError('Unable to generate a Yandaojie defense question'),0,"{""subject_id"": ""math"", ""subject_topic"": ""《可爱的小猫》""}",2026-05-28T02:22:22.007000
625497f27b8d465692ca9d6264ca4732,13aa04b0bbc5473c8c1810cfad6e99b4,30,defense_question,backend,Unable to generate a Yandaojie defense question,YandaojieDefenseServiceError('Unable to generate a Yandaojie defense question'),0,"{""subject_id"": ""math"", ""subject_topic"": ""《可爱的小猫》""}",2026-05-28T02:22:23.231000
d814f0a09e4041028edb91942d8b2fbb,e566af60059948d9a2377e746d0c0a32,48,defense_question,backend,Unable to generate a Yandaojie defense question,YandaojieDefenseServiceError('Unable to generate a Yandaojie defense question'),1,"{""subject_id"": ""math"", ""subject_topic"": ""《可爱的小猫》""}",2026-05-28T02:22:27.982000
ae4c58bf8645403186f20279e338443d,ea41f410759f44c5b83b38458f6a6f8b,1,defense_question,backend,Unable to generate a Yandaojie defense question,YandaojieDefenseServiceError('Unable to generate a Yandaojie defense question'),2,"{""subject_id"": ""math"", ""subject_topic"": ""《可爱的小猫》""}",2026-05-28T02:22:30.900000
879af16787f140e7aa879565c50e7107,4e38cfadb9384a35b6575d46f922d449,17,defense_question,backend,Unable to generate a Yandaojie defense question,YandaojieDefenseServiceError('Unable to generate a Yandaojie defense question'),0,"{""subject_id"": ""math"", ""subject_topic"": ""《可爱的小猫》""}",2026-05-28T02:22:32.507000
b7779b6f6dc94497941893b0798c1eb0,9119132b68c94cd9ac3ffa2c594213b9,16,defense_question,backend,Unable to generate a Yandaojie defense question,YandaojieDefenseServiceError('Unable to generate a Yandaojie defense question'),2,"{""subject_id"": ""math"", ""subject_topic"": ""《可爱的小猫》""}",2026-05-28T02:22:41.844000
769eaae59d1a4ba0b8d9f687a00d86c7,02329085c48d43e9b84eedc709165344,23,defense_question,backend,Unable to generate a Yandaojie defense question,YandaojieDefenseServiceError('Unable to generate a Yandaojie defense question'),0,"{""subject_id"": ""math"", ""subject_topic"": ""《可爱的小猫》""}",2026-05-28T02:22:49.286000
0c92de6a5faa4e1bad9519569e291272,b5aba6b8fab84f859491d4c5e78a841b,22,defense_question,backend,Unable to generate a Yandaojie defense question,YandaojieDefenseServiceError('Unable to generate a Yandaojie defense question'),3,"{""subject_id"": ""math"", ""subject_topic"": ""《可爱的小猫》""}",2026-05-28T02:22:56.718000
ede9212f5f1940b48730ec6a63d07bfa,cda0296923954328a259094a34baba3b,39,defense_question,backend,Unable to generate a Yandaojie defense question,YandaojieDefenseServiceError('Unable to generate a Yandaojie defense question'),2,"{""subject_id"": ""math"", ""subject_topic"": ""《可爱的小猫》""}",2026-05-28T02:22:57.806000
39f2e22301104b798fac9bef78010e46,90c4b4bdd09c4c86b24a5fb4e12a7f57,14,defense_question,backend,Unable to generate a Yandaojie defense question,YandaojieDefenseServiceError('Unable to generate a Yandaojie defense question'),1,"{""subject_id"": ""math"", ""subject_topic"": ""《可爱的小猫》""}",2026-05-28T02:23:05.288000
aaa3cf85055f4026822243972eead27b,b9524ce276114336bc48003f5718978d,41,defense_question,backend,Unable to generate a Yandaojie defense question,YandaojieDefenseServiceError('Unable to generate a Yandaojie defense question'),1,"{""subject_id"": ""math"", ""subject_topic"": ""《可爱的小猫》""}",2026-05-28T02:23:07.620000
afee4d2aa10a4a5ca8b96a1c2e5b0486,cda0296923954328a259094a34baba3b,39,defense_question,backend,Unable to generate a Yandaojie defense question,YandaojieDefenseServiceError('Unable to generate a Yandaojie defense question'),2,"{""subject_id"": ""math"", ""subject_topic"": ""《可爱的小猫》""}",2026-05-28T02:23:08.439000
c22ca8a875934b89a2d42faf0f7658b2,a1bce2b9686e4ca6b5f1c83476712f30,2,defense_question,backend,Unable to generate a Yandaojie defense question,YandaojieDefenseServiceError('Unable to generate a Yandaojie defense question'),0,"{""subject_id"": ""math"", ""subject_topic"": ""《可爱的小猫》""}",2026-05-28T02:23:19.765000
05526473111049559e913941ac6c50fc,13aa04b0bbc5473c8c1810cfad6e99b4,30,defense_question,backend,Unable to generate a Yandaojie defense question,YandaojieDefenseServiceError('Unable to generate a Yandaojie defense question'),0,"{""subject_id"": ""math"", ""subject_topic"": ""《可爱的小猫》""}",2026-05-28T02:23:32.074000
32e38638d9a44a988813442f66f83b61,2e42899c36c746cd853cfe12a521a967,32,defense_question,backend,Unable to generate a Yandaojie defense question,YandaojieDefenseServiceError('Unable to generate a Yandaojie defense question'),0,"{""subject_id"": ""math"", ""subject_topic"": ""《可爱的小猫》""}",2026-05-28T02:23:32.436000
675c597948034b67bacaa94ca74ebf00,ea41f410759f44c5b83b38458f6a6f8b,1,defense_question,backend,Unable to generate a Yandaojie defense question,YandaojieDefenseServiceError('Unable to generate a Yandaojie defense question'),2,"{""subject_id"": ""math"", ""subject_topic"": ""《可爱的小猫》""}",2026-05-28T02:23:33.759000
5269cbd6ac08410a8454f512c6ad02c2,4e38cfadb9384a35b6575d46f922d449,17,defense_question,backend,Unable to generate a Yandaojie defense question,YandaojieDefenseServiceError('Unable to generate a Yandaojie defense question'),0,"{""subject_id"": ""math"", ""subject_topic"": ""《可爱的小猫》""}",2026-05-28T02:23:37.178000
63c7f074c63343a38f078a6c6a3de6a6,de4d21978f7345b0a4e80ba7538d617f,7,defense_question,backend,Unable to generate a Yandaojie defense question,YandaojieDefenseServiceError('Unable to generate a Yandaojie defense question'),1,"{""subject_id"": ""math"", ""subject_topic"": ""《可爱的小猫》""}",2026-05-28T02:23:38.282000
8cbfc41cc2df47d9a5bcbff67e762b9b,6ff87720193445459407f9f877b3cd28,8,defense_question,backend,Unable to generate a Yandaojie defense question,YandaojieDefenseServiceError('Unable to generate a Yandaojie defense question'),2,"{""subject_id"": ""math"", ""subject_topic"": ""《可爱的小猫》""}",2026-05-28T02:23:43.758000
502543b89ff24a52b45692e85507735a,616a3dd7c60a4deeaf056c468606b0fa,19,defense_question,backend,Unable to generate a Yandaojie defense question,YandaojieDefenseServiceError('Unable to generate a Yandaojie defense question'),2,"{""subject_id"": ""math"", ""subject_topic"": ""《可爱的小猫》""}",2026-05-28T02:23:45.157000
6f20b7004f244ec583fa2b8eb1224817,9119132b68c94cd9ac3ffa2c594213b9,16,defense_question,backend,Unable to generate a Yandaojie defense question,YandaojieDefenseServiceError('Unable to generate a Yandaojie defense question'),2,"{""subject_id"": ""math"", ""subject_topic"": ""《可爱的小猫》""}",2026-05-28T02:23:48.889000
9379b01996f1436da4a5a78b3de0c382,e566af60059948d9a2377e746d0c0a32,48,defense_question,backend,Unable to generate a Yandaojie defense question,YandaojieDefenseServiceError('Unable to generate a Yandaojie defense question'),1,"{""subject_id"": ""math"", ""subject_topic"": ""《可爱的小猫》""}",2026-05-28T02:23:50.634000
7efa88654c834f8292be4831553009f3,51f8c6bcb49349369b1e3668e83ff5f7,26,defense_question,backend,Unable to generate a Yandaojie defense question,YandaojieDefenseServiceError('Unable to generate a Yandaojie defense question'),3,"{""subject_id"": ""math"", ""subject_topic"": ""《可爱的小猫》""}",2026-05-28T02:23:53.286000
70be70b5c70c4a7f98e2c77556676d55,2db85724b2a44c2181502df4055bc70d,47,defense_question,backend,Unable to generate a Yandaojie defense question,YandaojieDefenseServiceError('Unable to generate a Yandaojie defense question'),1,"{""subject_id"": ""math"", ""subject_topic"": ""《可爱的小猫》""}",2026-05-28T02:23:53.780000
11a4949d30734028823f8facf504d9a8,6e0f02619a0740bb9fd045cf68816ee6,43,defense_question,backend,Unable to generate a Yandaojie defense question,YandaojieDefenseServiceError('Unable to generate a Yandaojie defense question'),2,"{""subject_id"": ""math"", ""subject_topic"": ""《可爱的小猫》""}",2026-05-28T02:23:54.422000
5559670dbdfa408bb8f83f8f3754cd16,3992a17dd4a74de7b62058837288c760,46,defense_question,backend,Unable to generate a Yandaojie defense question,YandaojieDefenseServiceError('Unable to generate a Yandaojie defense question'),0,"{""subject_id"": ""math"", ""subject_topic"": ""《可爱的小猫》""}",2026-05-28T02:24:00.416000
eb4c594cd99c462d81f45bc42b1fad29,fea502ff1e7746e39961439affde92a0,11,defense_question,backend,Unable to generate a Yandaojie defense question,YandaojieDefenseServiceError('Unable to generate a Yandaojie defense question'),1,"{""subject_id"": ""math"", ""subject_topic"": ""《可爱的小猫》""}",2026-05-28T02:24:01.196000
ad3d52236fec4affaa2ceb01ddb1926b,44f776e193ac494485e290b107f5d744,40,defense_question,backend,Unable to generate a Yandaojie defense question,YandaojieDefenseServiceError('Unable to generate a Yandaojie defense question'),0,"{""subject_id"": ""math"", ""subject_topic"": ""《可爱的小猫》""}",2026-05-28T02:24:05.104000
01f4bc1c972a46fabd6bbe160fc26517,153f88f4ab714aebb5ed5b63aaa85a32,4,defense_question,backend,Unable to generate a Yandaojie defense question,YandaojieDefenseServiceError('Unable to generate a Yandaojie defense question'),0,"{""subject_id"": ""math"", ""subject_topic"": ""《可爱的小猫》""}",2026-05-28T02:24:07.288000
15c1b29eb71f44b0975158ec0648e698,04275294032e4eb3b850d2f0044dc615,28,defense_question,backend,Unable to generate a Yandaojie defense question,YandaojieDefenseServiceError('Unable to generate a Yandaojie defense question'),1,"{""subject_id"": ""math"", ""subject_topic"": ""《可爱的小猫》""}",2026-05-28T02:24:08.443000
61eb6d493c9a49be8d9e0521f37d47e9,90c4b4bdd09c4c86b24a5fb4e12a7f57,14,defense_question,backend,Unable to generate a Yandaojie defense question,YandaojieDefenseServiceError('Unable to generate a Yandaojie defense question'),1,"{""subject_id"": ""math"", ""subject_topic"": ""《可爱的小猫》""}",2026-05-28T02:24:11.392000
6cb3c8b579bc4770a9912bda369c3703,0f43e1e032014d5ca2c8320804c1e5b8,24,defense_question,backend,Unable to generate a Yandaojie defense question,YandaojieDefenseServiceError('Unable to generate a Yandaojie defense question'),1,"{""subject_id"": ""math"", ""subject_topic"": ""《可爱的小猫》""}",2026-05-28T02:24:13.163000
61353a15252f43658493df1c60209498,6ff87720193445459407f9f877b3cd28,8,defense_question,backend,Unable to generate a Yandaojie defense question,YandaojieDefenseServiceError('Unable to generate a Yandaojie defense question'),2,"{""subject_id"": ""math"", ""subject_topic"": ""《可爱的小猫》""}",2026-05-28T02:24:13.716000
7c1934a64f874eaebdb3143cde4f8f28,3d4477092d3d4cfb82586577890d4b1c,27,defense_question,backend,Unable to generate a Yandaojie defense question,YandaojieDefenseServiceError('Unable to generate a Yandaojie defense question'),0,"{""subject_id"": ""math"", ""subject_topic"": ""《可爱的小猫》""}",2026-05-28T02:24:22.429000
1c9e16faca444ee28863fe3f77fd7b11,a1bce2b9686e4ca6b5f1c83476712f30,2,defense_question,backend,Unable to generate a Yandaojie defense question,YandaojieDefenseServiceError('Unable to generate a Yandaojie defense question'),0,"{""subject_id"": ""math"", ""subject_topic"": ""《可爱的小猫》""}",2026-05-28T02:24:24.428000
e999efa446224082a3ee4678f29eeb11,e3a8110ea8784469b2cfdac52536345f,36,defense_question,backend,Unable to generate a Yandaojie defense question,YandaojieDefenseServiceError('Unable to generate a Yandaojie defense question'),0,"{""subject_id"": ""math"", ""subject_topic"": ""《可爱的小猫》""}",2026-05-28T02:24:28.466000
69ef358100914ef99e2301ef287821df,354ef0f134e644d6806f11c4fc0f0a40,28,defense_question,backend,Unable to generate a Yandaojie defense question,YandaojieDefenseServiceError('Unable to generate a Yandaojie defense question'),0,"{""subject_id"": ""math"", ""subject_topic"": ""《可爱的小猫》""}",2026-05-28T02:24:31.477000
94b45370d9d04777825a511f8d724f36,724c3ad71fc2439fae9750249f20bd4f,49,defense_question,backend,Unable to generate a Yandaojie defense question,YandaojieDefenseServiceError('Unable to generate a Yandaojie defense question'),0,"{""subject_id"": ""math"", ""subject_topic"": ""《可爱的小猫》""}",2026-05-28T02:24:34.724000
4bea13d53ba642d1b97004505699d121,4e38cfadb9384a35b6575d46f922d449,17,defense_question,backend,Unable to generate a Yandaojie defense question,YandaojieDefenseServiceError('Unable to generate a Yandaojie defense question'),0,"{""subject_id"": ""math"", ""subject_topic"": ""《可爱的小猫》""}",2026-05-28T02:24:42.123000
b58d95a3451546bfa31ac939454ec2e3,b48634af6a9b41568ddfd1e366eab63e,44,defense_question,backend,Unable to generate a Yandaojie defense question,YandaojieDefenseServiceError('Unable to generate a Yandaojie defense question'),2,"{""subject_id"": ""math"", ""subject_topic"": ""《可爱的小猫》""}",2026-05-28T02:24:44.978000
17fbb55f682e461fa3e6b6f3ebc42683,b48634af6a9b41568ddfd1e366eab63e,44,defense_question,backend,Unable to generate a Yandaojie defense question,YandaojieDefenseServiceError('Unable to generate a Yandaojie defense question'),2,"{""subject_id"": ""math"", ""subject_topic"": ""《可爱的小猫》""}",2026-05-28T02:24:48.787000
daa3546c221f4f4b8e480631059ce3ec,915041d2bcf84ba2876a5556929ac860,3,defense_question,backend,Unable to generate a Yandaojie defense question,YandaojieDefenseServiceError('Unable to generate a Yandaojie defense question'),3,"{""subject_id"": ""math"", ""subject_topic"": ""《可爱的小猫》""}",2026-05-28T02:24:51.311000
915b5345c1f4460ebd5aed239d7eecc0,9119132b68c94cd9ac3ffa2c594213b9,16,defense_question,backend,Unable to generate a Yandaojie defense question,YandaojieDefenseServiceError('Unable to generate a Yandaojie defense question'),2,"{""subject_id"": ""math"", ""subject_topic"": ""《可爱的小猫》""}",2026-05-28T02:24:52.352000
61d7095912af488f89a4fd8f03823a19,2e42899c36c746cd853cfe12a521a967,32,defense_question,backend,Unable to generate a Yandaojie defense question,YandaojieDefenseServiceError('Unable to generate a Yandaojie defense question'),0,"{""subject_id"": ""math"", ""subject_topic"": ""《可爱的小猫》""}",2026-05-28T02:24:55.790000
0aae9baeb8a24f71972e0db1cf0ebadb,02329085c48d43e9b84eedc709165344,23,defense_question,backend,Unable to generate a Yandaojie defense question,YandaojieDefenseServiceError('Unable to generate a Yandaojie defense question'),0,"{""subject_id"": ""math"", ""subject_topic"": ""《可爱的小猫》""}",2026-05-28T02:24:56.849000
c9cd5b8f04a7480aa7fe2da727fd7862,3992a17dd4a74de7b62058837288c760,46,defense_question,backend,Unable to generate a Yandaojie defense question,YandaojieDefenseServiceError('Unable to generate a Yandaojie defense question'),0,"{""subject_id"": ""math"", ""subject_topic"": ""《可爱的小猫》""}",2026-05-28T02:25:03.845000
078b7f5fb6a84b91b7ea6dc4c741667b,fea502ff1e7746e39961439affde92a0,11,defense_question,backend,Unable to generate a Yandaojie defense question,YandaojieDefenseServiceError('Unable to generate a Yandaojie defense question'),1,"{""subject_id"": ""math"", ""subject_topic"": ""《可爱的小猫》""}",2026-05-28T02:25:06.071000
d1d6b35f88e94c58b632de052ff31bec,b9524ce276114336bc48003f5718978d,41,defense_question,backend,Unable to generate a Yandaojie defense question,YandaojieDefenseServiceError('Unable to generate a Yandaojie defense question'),1,"{""subject_id"": ""math"", ""subject_topic"": ""《可爱的小猫》""}",2026-05-28T02:25:15.273000
7b4fe64e8ab848898b3055fccd8c01ae,90c4b4bdd09c4c86b24a5fb4e12a7f57,14,defense_question,backend,Unable to generate a Yandaojie defense question,YandaojieDefenseServiceError('Unable to generate a Yandaojie defense question'),1,"{""subject_id"": ""math"", ""subject_topic"": ""《可爱的小猫》""}",2026-05-28T02:25:15.665000
3d8dd284295546f8b662168b22c98178,cda0296923954328a259094a34baba3b,39,defense_question,backend,Unable to generate a Yandaojie defense question,YandaojieDefenseServiceError('Unable to generate a Yandaojie defense question'),2,"{""subject_id"": ""math"", ""subject_topic"": ""《可爱的小猫》""}",2026-05-28T02:25:16.923000
65b59510c248439e81d0f2e038adde34,aa1383ea890b49d3bc627a6b69811cdd,31,defense_question,backend,Unable to generate a Yandaojie defense question,YandaojieDefenseServiceError('Unable to generate a Yandaojie defense question'),2,"{""subject_id"": ""math"", ""subject_topic"": ""《可爱的小猫》""}",2026-05-28T02:25:17.582000
96f70d8c407f48578161acc16205a184,44f776e193ac494485e290b107f5d744,40,defense_question,backend,Unable to generate a Yandaojie defense question,YandaojieDefenseServiceError('Unable to generate a Yandaojie defense question'),0,"{""subject_id"": ""math"", ""subject_topic"": ""《可爱的小猫》""}",2026-05-28T02:25:17.873000
3d993ecd6afc49048bed3d8114dfe9f1,0f43e1e032014d5ca2c8320804c1e5b8,24,defense_question,backend,Unable to generate a Yandaojie defense question,YandaojieDefenseServiceError('Unable to generate a Yandaojie defense question'),1,"{""subject_id"": ""math"", ""subject_topic"": ""《可爱的小猫》""}",2026-05-28T02:25:19
cf83de6a9b444008b2d3aa5c121f43fd,6ff87720193445459407f9f877b3cd28,8,defense_question,backend,Unable to generate a Yandaojie defense question,YandaojieDefenseServiceError('Unable to generate a Yandaojie defense question'),2,"{""subject_id"": ""math"", ""subject_topic"": ""《可爱的小猫》""}",2026-05-28T02:25:20.235000
3fa917d85b064bb5b2688940beb7e58e,153f88f4ab714aebb5ed5b63aaa85a32,4,defense_question,backend,Unable to generate a Yandaojie defense question,YandaojieDefenseServiceError('Unable to generate a Yandaojie defense question'),0,"{""subject_id"": ""math"", ""subject_topic"": ""《可爱的小猫》""}",2026-05-28T02:25:21.085000
d0d421cd78b54af6ab0204c3c8a03bb8,3d4477092d3d4cfb82586577890d4b1c,27,defense_question,backend,Unable to generate a Yandaojie defense question,YandaojieDefenseServiceError('Unable to generate a Yandaojie defense question'),0,"{""subject_id"": ""math"", ""subject_topic"": ""《可爱的小猫》""}",2026-05-28T02:25:31.715000
a6ea7aaed2ef439ba79f118456708801,354ef0f134e644d6806f11c4fc0f0a40,28,defense_question,backend,Unable to generate a Yandaojie defense question,YandaojieDefenseServiceError('Unable to generate a Yandaojie defense question'),0,"{""subject_id"": ""math"", ""subject_topic"": ""《可爱的小猫》""}",2026-05-28T02:25:36.215000
876587a15efb432480eb8b7daa7ec935,ea41f410759f44c5b83b38458f6a6f8b,1,defense_question,backend,Unable to generate a Yandaojie defense question,YandaojieDefenseServiceError('Unable to generate a Yandaojie defense question'),2,"{""subject_id"": ""math"", ""subject_topic"": ""《可爱的小猫》""}",2026-05-28T02:25:40.817000
9eec73a02d0441bb9cf88ff2f2733667,b5aba6b8fab84f859491d4c5e78a841b,22,defense_question,backend,Unable to generate a Yandaojie defense question,YandaojieDefenseServiceError('Unable to generate a Yandaojie defense question'),3,"{""subject_id"": ""math"", ""subject_topic"": ""《可爱的小猫》""}",2026-05-28T02:25:41.010000
6a2e217be856465f9c139e3df3f61dc6,13aa04b0bbc5473c8c1810cfad6e99b4,30,defense_question,backend,Unable to generate a Yandaojie defense question,YandaojieDefenseServiceError('Unable to generate a Yandaojie defense question'),0,"{""subject_id"": ""math"", ""subject_topic"": ""《可爱的小猫》""}",2026-05-28T02:25:47.958000
c0694dfe1313432b91268add3bf16ee3,a1bce2b9686e4ca6b5f1c83476712f30,2,defense_question,backend,Unable to generate a Yandaojie defense question,YandaojieDefenseServiceError('Unable to generate a Yandaojie defense question'),0,"{""subject_id"": ""math"", ""subject_topic"": ""《可爱的小猫》""}",2026-05-28T02:25:51.795000
3216f894faea4a54828e44843786487a,6e0f02619a0740bb9fd045cf68816ee6,43,defense_question,backend,Unable to generate a Yandaojie defense question,YandaojieDefenseServiceError('Unable to generate a Yandaojie defense question'),2,"{""subject_id"": ""math"", ""subject_topic"": ""《可爱的小猫》""}",2026-05-28T02:25:53.781000
1230633f407c4114a13b64288608d255,616a3dd7c60a4deeaf056c468606b0fa,19,defense_question,backend,Unable to generate a Yandaojie defense question,YandaojieDefenseServiceError('Unable to generate a Yandaojie defense question'),2,"{""subject_id"": ""math"", ""subject_topic"": ""《可爱的小猫》""}",2026-05-28T02:25:56.025000
c2d54366e4f244d0bccc6fd2fece7082,51f8c6bcb49349369b1e3668e83ff5f7,26,defense_question,backend,Unable to generate a Yandaojie defense question,YandaojieDefenseServiceError('Unable to generate a Yandaojie defense question'),3,"{""subject_id"": ""math"", ""subject_topic"": ""《可爱的小猫》""}",2026-05-28T02:25:58.493000
898bf92cd45c4f4e8d1d499af610682e,2e42899c36c746cd853cfe12a521a967,32,defense_question,backend,Unable to generate a Yandaojie defense question,YandaojieDefenseServiceError('Unable to generate a Yandaojie defense question'),0,"{""subject_id"": ""math"", ""subject_topic"": ""《可爱的小猫》""}",2026-05-28T02:26:00.069000
bfe4eca2bc034672b76008f529659df7,c5d67a1127d54c8aa706b1826d4e541b,47,defense_question,backend,Unable to generate a Yandaojie defense question,YandaojieDefenseServiceError('Unable to generate a Yandaojie defense question'),0,"{""subject_id"": ""math"", ""subject_topic"": ""《可爱的小猫》""}",2026-05-28T02:26:04.605000
35fb78e36b4245979121d792309c2992,fea502ff1e7746e39961439affde92a0,11,defense_question,backend,Unable to generate a Yandaojie defense question,YandaojieDefenseServiceError('Unable to generate a Yandaojie defense question'),1,"{""subject_id"": ""math"", ""subject_topic"": ""《可爱的小猫》""}",2026-05-28T02:26:08.417000
602e4b3bb55b46cbb17f13afec282368,de4d21978f7345b0a4e80ba7538d617f,7,defense_question,backend,Unable to generate a Yandaojie defense question,YandaojieDefenseServiceError('Unable to generate a Yandaojie defense question'),1,"{""subject_id"": ""math"", ""subject_topic"": ""《可爱的小猫》""}",2026-05-28T02:26:14.119000
9adcecc0acd74862a48acb148e0ed20d,90c4b4bdd09c4c86b24a5fb4e12a7f57,14,defense_question,backend,Unable to generate a Yandaojie defense question,YandaojieDefenseServiceError('Unable to generate a Yandaojie defense question'),1,"{""subject_id"": ""math"", ""subject_topic"": ""《可爱的小猫》""}",2026-05-28T02:26:17.148000
9cd598d7d395432d8561426d43f79186,6ff87720193445459407f9f877b3cd28,8,defense_question,backend,Unable to generate a Yandaojie defense question,YandaojieDefenseServiceError('Unable to generate a Yandaojie defense question'),2,"{""subject_id"": ""math"", ""subject_topic"": ""《可爱的小猫》""}",2026-05-28T02:26:25.636000
3e01cc458afb469ab54ded8341183e9a,44f776e193ac494485e290b107f5d744,40,defense_question,backend,Unable to generate a Yandaojie defense question,YandaojieDefenseServiceError('Unable to generate a Yandaojie defense question'),0,"{""subject_id"": ""math"", ""subject_topic"": ""《可爱的小猫》""}",2026-05-28T02:26:37.494000
1903f1cb0b274bf5ae444ccf08ff8874,ea41f410759f44c5b83b38458f6a6f8b,1,defense_question,backend,Unable to generate a Yandaojie defense question,YandaojieDefenseServiceError('Unable to generate a Yandaojie defense question'),2,"{""subject_id"": ""math"", ""subject_topic"": ""《可爱的小猫》""}",2026-05-28T02:26:43.679000
dc039015bc04436688991e37d3709a89,0f43e1e032014d5ca2c8320804c1e5b8,24,defense_question,backend,Unable to generate a Yandaojie defense question,YandaojieDefenseServiceError('Unable to generate a Yandaojie defense question'),1,"{""subject_id"": ""math"", ""subject_topic"": ""《可爱的小猫》""}",2026-05-28T02:26:46.099000
a6c93f7733124c41888a379bd08f7c7e,b5aba6b8fab84f859491d4c5e78a841b,22,defense_question,backend,Unable to generate a Yandaojie defense question,YandaojieDefenseServiceError('Unable to generate a Yandaojie defense question'),3,"{""subject_id"": ""math"", ""subject_topic"": ""《可爱的小猫》""}",2026-05-28T02:26:46.125000
275cdce62b894305a1e2ffb6ae395f08,724c3ad71fc2439fae9750249f20bd4f,49,defense_question,backend,Unable to generate a Yandaojie defense question,YandaojieDefenseServiceError('Unable to generate a Yandaojie defense question'),0,"{""subject_id"": ""math"", ""subject_topic"": ""《可爱的小猫》""}",2026-05-28T02:26:51.142000
3e05a3b60adb47cc8ea81e84bb6c9eb0,5440b4482e5b4aa0800a1a6253001a58,36,defense_question,backend,Unable to generate a Yandaojie defense question,YandaojieDefenseServiceError('Unable to generate a Yandaojie defense question'),0,"{""subject_id"": ""math"", ""subject_topic"": ""《可爱的小猫》""}",2026-05-28T02:26:51.451000
98b10385477f4ffc9e43347ffa0ce7a0,02329085c48d43e9b84eedc709165344,23,defense_question,backend,Unable to generate a Yandaojie defense question,YandaojieDefenseServiceError('Unable to generate a Yandaojie defense question'),0,"{""subject_id"": ""math"", ""subject_topic"": ""《可爱的小猫》""}",2026-05-28T02:27:01.174000
e1c78489189945228d22d703769576bc,b48634af6a9b41568ddfd1e366eab63e,44,defense_question,backend,Unable to generate a Yandaojie defense question,YandaojieDefenseServiceError('Unable to generate a Yandaojie defense question'),2,"{""subject_id"": ""math"", ""subject_topic"": ""《可爱的小猫》""}",2026-05-28T02:27:03.708000
a3c458c773e649318569eda564d9dde4,2e42899c36c746cd853cfe12a521a967,32,defense_question,backend,Unable to generate a Yandaojie defense question,YandaojieDefenseServiceError('Unable to generate a Yandaojie defense question'),0,"{""subject_id"": ""math"", ""subject_topic"": ""《可爱的小猫》""}",2026-05-28T02:27:05.285000
d0ad7b5bf7ae4143a1839edd9fd88195,9119132b68c94cd9ac3ffa2c594213b9,16,defense_question,backend,Unable to generate a Yandaojie defense question,YandaojieDefenseServiceError('Unable to generate a Yandaojie defense question'),2,"{""subject_id"": ""math"", ""subject_topic"": ""《可爱的小猫》""}",2026-05-28T02:27:05.500000
2184513eefc24f029180c0884299ccfa,3992a17dd4a74de7b62058837288c760,46,defense_question,backend,Unable to generate a Yandaojie defense question,YandaojieDefenseServiceError('Unable to generate a Yandaojie defense question'),0,"{""subject_id"": ""math"", ""subject_topic"": ""《可爱的小猫》""}",2026-05-28T02:27:07.213000
dcac31a8de70492f8b0dbe190dade2be,fea502ff1e7746e39961439affde92a0,11,defense_question,backend,Unable to generate a Yandaojie defense question,YandaojieDefenseServiceError('Unable to generate a Yandaojie defense question'),1,"{""subject_id"": ""math"", ""subject_topic"": ""《可爱的小猫》""}",2026-05-28T02:27:10.786000
2ce67518d19d4ed4bb124462adfa9cf3,52d58862ddc8468d8a43ac52d1175674,27,defense_question,backend,Unable to generate a Yandaojie defense question,YandaojieDefenseServiceError('Unable to generate a Yandaojie defense question'),0,"{""subject_id"": ""math"", ""subject_topic"": ""《可爱的小猫》""}",2026-05-28T02:27:13.481000
37b658ebd4274616a9c2cad706f46f6b,915041d2bcf84ba2876a5556929ac860,3,defense_question,backend,Unable to generate a Yandaojie defense question,YandaojieDefenseServiceError('Unable to generate a Yandaojie defense question'),3,"{""subject_id"": ""math"", ""subject_topic"": ""《可爱的小猫》""}",2026-05-28T02:27:14.158000
c9e9997387ff4318873f127b33cb631a,de4d21978f7345b0a4e80ba7538d617f,7,defense_question,backend,Unable to generate a Yandaojie defense question,YandaojieDefenseServiceError('Unable to generate a Yandaojie defense question'),1,"{""subject_id"": ""math"", ""subject_topic"": ""《可爱的小猫》""}",2026-05-28T02:27:16.677000
79fcb8718b2d443f96d5dbdb4cf8657f,90c4b4bdd09c4c86b24a5fb4e12a7f57,14,defense_question,backend,Unable to generate a Yandaojie defense question,YandaojieDefenseServiceError('Unable to generate a Yandaojie defense question'),1,"{""subject_id"": ""math"", ""subject_topic"": ""《可爱的小猫》""}",2026-05-28T02:27:18.576000
69d1203c688d468bab60d8ce6746850b,cda0296923954328a259094a34baba3b,39,defense_question,backend,Unable to generate a Yandaojie defense question,YandaojieDefenseServiceError('Unable to generate a Yandaojie defense question'),2,"{""subject_id"": ""math"", ""subject_topic"": ""《可爱的小猫》""}",2026-05-28T02:27:23.267000
8e29baad62fb4f9b9a4b28716a468902,153f88f4ab714aebb5ed5b63aaa85a32,4,defense_question,backend,Unable to generate a Yandaojie defense question,YandaojieDefenseServiceError('Unable to generate a Yandaojie defense question'),0,"{""subject_id"": ""math"", ""subject_topic"": ""《可爱的小猫》""}",2026-05-28T02:27:37.961000
d3142daa38574310b8a964f02502dcc5,354ef0f134e644d6806f11c4fc0f0a40,28,defense_question,backend,Unable to generate a Yandaojie defense question,YandaojieDefenseServiceError('Unable to generate a Yandaojie defense question'),0,"{""subject_id"": ""math"", ""subject_topic"": ""《可爱的小猫》""}",2026-05-28T02:27:43.189000
3e49e18025ac4cc8bdf358f67f036cbf,4e38cfadb9384a35b6575d46f922d449,17,defense_question,backend,Unable to generate a Yandaojie defense question,YandaojieDefenseServiceError('Unable to generate a Yandaojie defense question'),0,"{""subject_id"": ""math"", ""subject_topic"": ""《可爱的小猫》""}",2026-05-28T02:27:44.597000
731cc0ad8f4842eeaffa2e7b22a48aae,b48634af6a9b41568ddfd1e366eab63e,44,defense_question,backend,Unable to generate a Yandaojie defense question,YandaojieDefenseServiceError('Unable to generate a Yandaojie defense question'),2,"{""subject_id"": ""math"", ""subject_topic"": ""《可爱的小猫》""}",2026-05-28T02:27:48.153000
1538ff51528d4e8897c755ce7d63edbd,ea41f410759f44c5b83b38458f6a6f8b,1,defense_question,backend,Unable to generate a Yandaojie defense question,YandaojieDefenseServiceError('Unable to generate a Yandaojie defense question'),2,"{""subject_id"": ""math"", ""subject_topic"": ""《可爱的小猫》""}",2026-05-28T02:27:51.138000
4817226520e241569e60e5ec63813e6c,8b55bd6ad65c492593e83ace727895fc,47,defense_question,backend,Unable to generate a Yandaojie defense question,YandaojieDefenseServiceError('Unable to generate a Yandaojie defense question'),0,"{""subject_id"": ""math"", ""subject_topic"": ""《可爱的小猫》""}",2026-05-28T02:27:51.835000
32adf6f8e207443082bd14b0774214aa,fc379f78b1ae4b1c9d7b17148b412931,48,defense_question,backend,Unable to generate a Yandaojie defense question,YandaojieDefenseServiceError('Unable to generate a Yandaojie defense question'),0,"{""subject_id"": ""math"", ""subject_topic"": ""《可爱的小猫》""}",2026-05-28T02:27:52.197000
b652a6d56e414476b3a4780d762ea4c0,13aa04b0bbc5473c8c1810cfad6e99b4,30,defense_question,backend,Unable to generate a Yandaojie defense question,YandaojieDefenseServiceError('Unable to generate a Yandaojie defense question'),0,"{""subject_id"": ""math"", ""subject_topic"": ""《可爱的小猫》""}",2026-05-28T02:27:52.245000
67379125ebc646288af7cc5f806a253a,51f8c6bcb49349369b1e3668e83ff5f7,26,defense_question,backend,Unable to generate a Yandaojie defense question,YandaojieDefenseServiceError('Unable to generate a Yandaojie defense question'),3,"{""subject_id"": ""math"", ""subject_topic"": ""《可爱的小猫》""}",2026-05-28T02:28:05.956000
a576fb1c07874fb0ba3c90b829e3a332,02329085c48d43e9b84eedc709165344,23,defense_question,backend,Unable to generate a Yandaojie defense question,YandaojieDefenseServiceError('Unable to generate a Yandaojie defense question'),0,"{""subject_id"": ""math"", ""subject_topic"": ""《可爱的小猫》""}",2026-05-28T02:28:08.883000
a437e42436a24a3aaa675564c2406663,9119132b68c94cd9ac3ffa2c594213b9,16,defense_question,backend,Unable to generate a Yandaojie defense question,YandaojieDefenseServiceError('Unable to generate a Yandaojie defense question'),2,"{""subject_id"": ""math"", ""subject_topic"": ""《可爱的小猫》""}",2026-05-28T02:28:10.398000
d784fda9984749a891d54e75a786757b,44f776e193ac494485e290b107f5d744,40,defense_question,backend,Defense question response was not valid JSON,YandaojieDefenseServiceError('Defense question response was not valid JSON'),0,"{""subject_id"": ""math"", ""subject_topic"": ""《可爱的小猫》""}",2026-05-28T02:28:18.398000
fde0c0cd90e94ffe9529ac7411021d27,52d58862ddc8468d8a43ac52d1175674,27,defense_question,backend,Unable to generate a Yandaojie defense question,YandaojieDefenseServiceError('Unable to generate a Yandaojie defense question'),0,"{""subject_id"": ""math"", ""subject_topic"": ""《可爱的小猫》""}",2026-05-28T02:28:18.817000
81cd8fb7b9d6439f91ebd46b114b2207,90c4b4bdd09c4c86b24a5fb4e12a7f57,14,defense_question,backend,Unable to generate a Yandaojie defense question,YandaojieDefenseServiceError('Unable to generate a Yandaojie defense question'),1,"{""subject_id"": ""math"", ""subject_topic"": ""《可爱的小猫》""}",2026-05-28T02:28:22.127000
ccecf1e4c84e4ce9a17a2c02fbe2c77e,3992a17dd4a74de7b62058837288c760,46,defense_question,backend,Unable to generate a Yandaojie defense question,YandaojieDefenseServiceError('Unable to generate a Yandaojie defense question'),0,"{""subject_id"": ""math"", ""subject_topic"": ""《可爱的小猫》""}",2026-05-28T02:28:38.856000
41629080321646c2898771c857cedeb4,616a3dd7c60a4deeaf056c468606b0fa,19,defense_question,backend,Unable to generate a Yandaojie defense question,YandaojieDefenseServiceError('Unable to generate a Yandaojie defense question'),2,"{""subject_id"": ""math"", ""subject_topic"": ""《可爱的小猫》""}",2026-05-28T02:29:11.242000
dea0b1cf121d4d979013f8b3367fb10f,9e204997ff1243dcb032c49dded94751,14,defense_question,backend,Defense question response was not valid JSON,YandaojieDefenseServiceError('Defense question response was not valid JSON'),0,"{""subject_id"": ""science"", ""subject_topic"": ""《厨房里的物质变化》""}",2026-05-28T03:29:17.983000
8522ef42bd4d475e8fa1540ee59be1f9,27ea6a2d60514128912207248f0c8b86,23,defense_question,backend,Defense question response was not valid JSON,YandaojieDefenseServiceError('Defense question response was not valid JSON'),0,"{""subject_id"": ""science"", ""subject_topic"": ""《厨房里的物质变化》""}",2026-05-28T03:33:39.363000
4509f15a73d34fce8e947dc5ce13c042,27ea6a2d60514128912207248f0c8b86,23,defense_question,backend,Defense question response was not valid JSON,YandaojieDefenseServiceError('Defense question response was not valid JSON'),0,"{""subject_id"": ""science"", ""subject_topic"": ""《厨房里的物质变化》""}",2026-05-28T03:34:13.762000
621fce08c96a47a98780cb3b8fc14d98,2047034e88b246e88806e2591d5fe6c5,10,defense_question,backend,Defense question response was not valid JSON,YandaojieDefenseServiceError('Defense question response was not valid JSON'),3,"{""subject_id"": ""science"", ""subject_topic"": ""《厨房里的物质变化》""}",2026-05-28T03:37:11.465000
4973416d95e04e2b96b2a24b02328a6e,87fbadd962794d608111579898b0b16a,40,defense_question,backend,Defense question response was not valid JSON,YandaojieDefenseServiceError('Defense question response was not valid JSON'),3,"{""subject_id"": ""science"", ""subject_topic"": ""《厨房里的物质变化》""}",2026-05-28T03:37:46.425000
fb810d152e1346fab474704d89d64b8a,3d3f6882a3d1435c8ca997257167b69c,2,defense_question,backend,Defense question response was not valid JSON,YandaojieDefenseServiceError('Defense question response was not valid JSON'),2,"{""subject_id"": ""science"", ""subject_topic"": ""《厨房里的物质变化》""}",2026-05-28T03:38:12.879000
53b7b223e43d4887a0aad792468c37c9,908f18c76f314927925205c655e6c36e,6,defense_question,backend,Defense question response was not valid JSON,YandaojieDefenseServiceError('Defense question response was not valid JSON'),4,"{""subject_id"": ""science"", ""subject_topic"": ""《厨房里的物质变化》""}",2026-05-28T03:40:51.335000
f4332b8644a84b43a69192edc0bf3339,3e421096410f4e7cb892aa18c19d15de,32,defense_question,backend,Defense question response was not valid JSON,YandaojieDefenseServiceError('Defense question response was not valid JSON'),0,"{""subject_id"": ""science"", ""subject_topic"": ""《厨房里的物质变化》""}",2026-05-28T03:42:08.152000
79558799524d4b7d816dd65a464db84a,dc346054d2fa4731890bb7bdfdbf79f3,15,defense_question,backend,DeepSeek response had empty content,YandaojieDefenseServiceError('DeepSeek response had empty content'),4,"{""subject_id"": ""science"", ""subject_topic"": ""《厨房里的物质变化》""}",2026-05-28T03:42:21.738000
7e42241d793440c6b63b554108218e36,9a0fa8235d0f42789d47f1bde4a7839c,18,defense_question,backend,Defense question response was not valid JSON,YandaojieDefenseServiceError('Defense question response was not valid JSON'),4,"{""subject_id"": ""science"", ""subject_topic"": ""《厨房里的物质变化》""}",2026-05-28T03:44:24.780000
40cc0bede3ea4f719e28f53cde9ee939,0963a4db23cc465c920b5755498b4014,45,defense_question,backend,Defense question response was not valid JSON,YandaojieDefenseServiceError('Defense question response was not valid JSON'),3,"{""subject_id"": ""science"", ""subject_topic"": ""《厨房里的物质变化》""}",2026-05-28T03:47:20.886000
e0fcce4df19c46a9a47fb5ce6f69426e,3e421096410f4e7cb892aa18c19d15de,32,defense_question,backend,DeepSeek response had empty content,YandaojieDefenseServiceError('DeepSeek response had empty content'),4,"{""subject_id"": ""science"", ""subject_topic"": ""《厨房里的物质变化》""}",2026-05-28T03:49:44.853000
45dc397946124d0d9ab888d1e53ec32a,6868054e9508442ab0ab9e5d9a251795,14,defense_question,backend,Defense question response was not valid JSON,YandaojieDefenseServiceError('Defense question response was not valid JSON'),1,"{""subject_id"": ""english"", ""subject_topic"": ""Unit 6 Summer Vacation""}",2026-05-28T04:48:17.745000
1a9fd6dde707450c8c2803c1eb0b2256,b6b38034738048ed9f2b1650986d3a20,9,defense_question,backend,Defense question response was not valid JSON,YandaojieDefenseServiceError('Defense question response was not valid JSON'),0,"{""subject_id"": ""english"", ""subject_topic"": ""Unit 6 Summer Vacation""}",2026-05-28T04:48:31.307000
f6650853423d4c1ebfb4cd11580121ed,956ad22ebecc4608820de5366b14e862,29,defense_question,backend,Defense question response was not valid JSON,YandaojieDefenseServiceError('Defense question response was not valid JSON'),4,"{""subject_id"": ""english"", ""subject_topic"": ""Unit 6 Summer Vacation""}",2026-05-28T04:52:48.270000
c7419705bea040e5a93130a7d392652b,02fdd78d8085472393f1ccf3ee5b6803,22,defense_question,backend,Defense question response was not valid JSON,YandaojieDefenseServiceError('Defense question response was not valid JSON'),4,"{""subject_id"": ""english"", ""subject_topic"": ""Unit 6 Summer Vacation""}",2026-05-28T04:52:58.512000
c2fc3ffbd09c4b4e82e4eecb82341897,7fe5339e4c674e26992154999bba7d3c,39,defense_question,backend,DeepSeek response had empty content,YandaojieDefenseServiceError('DeepSeek response had empty content'),1,"{""subject_id"": ""english"", ""subject_topic"": ""Unit 6 Summer Vacation""}",2026-05-28T04:57:46.143000
39d33b7b2e7a4330be55c81f05255710,9e300a5189f84394addb94d88f40372d,30,defense_question,backend,DeepSeek response had empty content,YandaojieDefenseServiceError('DeepSeek response had empty content'),1,"{""subject_id"": ""english"", ""subject_topic"": ""Unit 6 Summer Vacation""}",2026-05-28T04:58:59.092000
