session_id,student_id,subject_id,round_index,question,answer_text,answered_at,created_at
c5d82904c4a443c88e8b1e5ee3ede6b0,test,math,0,你能试着回想一下，我们之前是怎样用数对在方格纸上表示一个点的位置吗？,没有数呀,2026-05-27T09:51:32.112000,2026-05-27T09:51:32.277000
c5d82904c4a443c88e8b1e5ee3ede6b0,test,math,1,如果你在方格纸上看到一个点，写出的数对是（5，4），那么“5”这个数表示什么意思呢？,我不知道,2026-05-27T09:52:52.596000,2026-05-27T09:52:52.770000
75d7a424699b481ca36b4b92a3502b59,chenyu-may27test,math,0,你说不记得了，那想想看：我们怎样用数对来表示小猫身上的一个点呢？,小猫的点是什么？,2026-05-27T10:05:01.379000,2026-05-27T10:05:01.539000
c61c935d915343f0ac6827a9c71fd0f8,chenyu-may27test,science,0,你提到厨房里物质很多都在变化，请举一个具体的例子，并说说变化后是否产生了新物质？,水变成了好喝的汤,2026-05-27T10:05:32.763000,2026-05-27T10:05:32.994000
75d7a424699b481ca36b4b92a3502b59,chenyu-may27test,math,1,在方格纸上，小猫鼻尖的位置用数对（3，2）表示，这里3表示什么？,x坐标,2026-05-27T10:05:46.948000,2026-05-27T10:05:47.155000
c61c935d915343f0ac6827a9c71fd0f8,chenyu-may27test,science,1,你说水变成了好喝的汤，那汤里的水还是原来的水吗？,不是原来的了 因为有别的物质,2026-05-27T10:06:02.896000,2026-05-27T10:06:03.050000
75d7a424699b481ca36b4b92a3502b59,chenyu-may27test,math,2,你刚才说3是x坐标，那么数对（3，2）中的2表示什么？,y坐标,2026-05-27T10:06:15.437000,2026-05-27T10:06:15.601000
c61c935d915343f0ac6827a9c71fd0f8,chenyu-may27test,science,2,你说“有别的物质”，那这些别的物质是水通过加热自己变成的新物质吗？,不是吧,2026-05-27T10:06:33.819000,2026-05-27T10:06:33.976000
75d7a424699b481ca36b4b92a3502b59,chenyu-may27test,math,3,既然数对（3，2）中的3是列、2是行，如果把两个数都乘2变成（6，4），这个点会向什么方向移动？,我不知道呀,2026-05-27T10:07:09.554000,2026-05-27T10:07:09.725000
c61c935d915343f0ac6827a9c71fd0f8,chenyu-may27test,science,3,你说那些别的物质不是水自己变成的，那在煮汤的过程中，水本身有没有产生新物质呢？,不知道,2026-05-27T10:07:19.372000,2026-05-27T10:07:19.528000
c61c935d915343f0ac6827a9c71fd0f8,chenyu-may27test,science,4,水在加热时会变成水蒸气，水蒸气是水产生的新物质吗？,不是 状态不一样,2026-05-27T10:07:51.764000,2026-05-27T10:07:51.940000
75d7a424699b481ca36b4b92a3502b59,chenyu-may27test,math,4,你说不知道，那我们看：列数从3变6是向右，行数从2变4是向上，猜猜看，这个点整体向哪个方向移动了？,不知道,2026-05-27T10:08:02.463000,2026-05-27T10:08:02.629000
313c184c098e4680836316da9250cb17,chenyu-may27test,english,0,请谈谈你的暑假计划，你打算去哪里以及做什么？,我准备去旅游吃好吃的,2026-05-27T10:10:43.050000,2026-05-27T10:10:43.205000
313c184c098e4680836316da9250cb17,chenyu-may27test,english,1,你想去哪里旅游吃好吃的，为什么选择那里？,,2026-05-27T10:12:12.467000,2026-05-27T10:12:12.618000
3916c8c06982430f94bda7aa552af8a2,chenyu-test-english-reasoning,english,0,如果你可以计划一个完美的暑假旅行，你会去哪里？,美国,2026-05-27T10:41:42.651000,2026-05-27T10:41:42.804000
3916c8c06982430f94bda7aa552af8a2,chenyu-test-english-reasoning,english,1,你为什么想去美国度假？,,2026-05-27T10:43:04.953000,2026-05-27T10:43:05.104000
798b0c0b60034d5aaa02e9dad46e69ba,chenyu-may27-test-english-reasoning2,english,0,你提到学了一些英文表达，请用英语说出你暑假想去的一个地方，并解释为什么想去那里？,想去美国,2026-05-27T10:46:40.433000,2026-05-27T10:46:40.857000
798b0c0b60034d5aaa02e9dad46e69ba,chenyu-may27-test-english-reasoning2,english,1,你提到想去美国，能具体说说最期待在那里做什么吗？,,2026-05-27T10:47:48.956000,2026-05-27T10:47:49.110000
d7bbec33eb044780900d4677df503d77,chenyu-may27-test-english-reasoning3,english,0,你学到了哪些关于暑假的英文表达？,不记得了,2026-05-27T10:52:29.651000,2026-05-27T10:52:29.807000
d7bbec33eb044780900d4677df503d77,chenyu-may27-test-english-reasoning3,english,1,既然你不记得了，那能不能试着回忆一下，我们学过的关于假期旅行的英文表达里，有没有哪个单词或句子一下子能想起来？,i like travel,2026-05-27T10:52:53.847000,2026-05-27T10:52:54.008000
d7bbec33eb044780900d4677df503d77,chenyu-may27-test-english-reasoning3,english,2,你说“I like travel”，那能不能用英语告诉我，你曾经去过哪里旅行？,japan,2026-05-27T10:54:01.815000,2026-05-27T10:54:01.965000
d7bbec33eb044780900d4677df503d77,chenyu-may27-test-english-reasoning3,english,3,你是怎么去日本的？,,2026-05-27T10:55:25.962000,2026-05-27T10:55:26.181000
5775f9a187d6423eb709b35d9ebd2269,chenyu-may27-test-english-reasoning4,english,0,Could you tell me about your travel plan for the summer vacation? Please answer in English.,我没什么plan,2026-05-27T11:03:16.181000,2026-05-27T11:03:16.331000
5775f9a187d6423eb709b35d9ebd2269,chenyu-may27-test-english-reasoning4,english,1,既然你暂时没有计划，那能说说原因吗？请用英语回答。,没什么原因,2026-05-27T11:03:39.170000,2026-05-27T11:03:39.323000
5775f9a187d6423eb709b35d9ebd2269,chenyu-may27-test-english-reasoning4,english,2,既然你没有特别的计划，那你通常在暑假喜欢做些什么呢？请用英语回答。,,2026-05-27T11:04:52.053000,2026-05-27T11:04:52.773000
5775f9a187d6423eb709b35d9ebd2269,chenyu-may27-test-english-reasoning4,english,3,你还没回答我的问题。请用英语告诉我，暑假你可能会做的一件事。你可以用‘I will...’或‘I want to...’开头。,i will doing travel in japan,2026-05-27T11:05:40.265000,2026-05-27T11:05:40.417000
5775f9a187d6423eb709b35d9ebd2269,chenyu-may27-test-english-reasoning4,english,4,你提到要去日本旅行，为什么选择日本呢？请用英语回答。,i don't know,2026-05-27T11:06:23.113000,2026-05-27T11:06:23.267000
0b7f2d825ef748b89c650b0a06c008f3,chenyu-may27-test-english-reasoning5,english,0,请用英语说说你今年暑假的计划。,,2026-05-27T11:19:25.071000,2026-05-27T11:19:25.363000
0b7f2d825ef748b89c650b0a06c008f3,chenyu-may27-test-english-reasoning5,english,1,请用英语告诉我你今年暑假的计划。,没什么计划,2026-05-27T11:20:24.722000,2026-05-27T11:20:24.943000
0b7f2d825ef748b89c650b0a06c008f3,chenyu-may27-test-english-reasoning5,english,2,你刚才说“没什么计划”，那请用英语说说如果你可以去世界上任何地方，你想去哪？,,2026-05-27T11:21:41.915000,2026-05-27T11:21:42.209000
0b7f2d825ef748b89c650b0a06c008f3,chenyu-may27-test-english-reasoning5,english,3,如果可以去任何地方，你想去哪里？请用英语说出一个地方，比如 'I want to go to...',japan,2026-05-27T11:24:39.150000,2026-05-27T11:24:39.672000
0b7f2d825ef748b89c650b0a06c008f3,chenyu-may27-test-english-reasoning5,english,4,刚才你说想去日本，为什么？请用英语回答。,sushi,2026-05-27T11:25:52.666000,2026-05-27T11:25:52.894000
d19641cf400141a587a53bba14071771,chenyu-may27-test-english-reasoning6,english,0,暑假就要到了，你打算去哪里旅行？请用英语回答。,不知道,2026-05-27T11:28:42.423000,2026-05-27T11:28:42.687000
2bb360d68dbb4d2183123d26b03176ee,chenyu-may27-test-english-reasoning7,english,0,你提到学习了旅行词汇，能具体说出三个你印象最深的单词或句子，并用其中一个造句吗？,i love traveling,2026-05-27T11:40:51.624000,2026-05-27T11:40:51.865000
2bb360d68dbb4d2183123d26b03176ee,chenyu-may27-test-english-reasoning7,english,1,你刚才说'i love traveling'，但你没有提到具体的单词。请说出三个与旅行相关的英语单词，并用其中一个造一个完整的句子。,"travel planning, i need passport",2026-05-27T11:41:45.542000,2026-05-27T11:41:45.791000
2bb360d68dbb4d2183123d26b03176ee,chenyu-may27-test-english-reasoning7,english,2,你用了'passport'，很好！你能再说出一个旅行必备的英文单词，并试着用'I will...'说一句你的暑假计划吗？,i will travel internationally with the passport,2026-05-27T11:42:40.619000,2026-05-27T11:42:40.896000
2bb360d68dbb4d2183123d26b03176ee,chenyu-may27-test-english-reasoning7,english,3,你刚才说要用护照出国旅行，能用英语详细描述你的暑假旅行计划吗？包括去哪里、怎么去和做什么。,不知道去哪里,2026-05-27T11:43:52.129000,2026-05-27T11:43:52.376000
2bb360d68dbb4d2183123d26b03176ee,chenyu-may27-test-english-reasoning7,english,4,你虽然不知道具体去哪里，但能尝试用英语说出一个你想去的国家或城市吗？（请用英语回答）,japan,2026-05-27T11:44:32.581000,2026-05-27T11:44:32.838000
e58e009a4ce34bd2b7f136042976880e,chenyu-may27-test-again,math,0,你觉得用数对在方格纸上画放大后的小猫，和直接随手画相比，有什么不同？为什么？,你问住我了，我不知道什么不同呀,2026-05-27T11:51:11.480000,2026-05-27T11:51:11.701000
e58e009a4ce34bd2b7f136042976880e,chenyu-may27-test-again,math,1,"如果要把小猫的鼻尖从(4,5)放大到原来的2倍，你认为放大后的鼻尖应该用哪个数对表示？为什么你这么想？",任何数字吧,2026-05-27T11:52:16.055000,2026-05-27T11:52:16.211000
e58e009a4ce34bd2b7f136042976880e,chenyu-may27-test-again,math,2,为什么你会觉得放大后的鼻尖可以是任何数字？请举个例子并说说理由。,,2026-05-27T11:53:55.992000,2026-05-27T11:53:56.186000
4b1c63f46ef14ff2b177ed39d1a489a0,kexue,science,0,你能从厨房里举一个物质变化的例子，并说说这个变化有没有产生新物质吗？,铁锅生锈产生了新物质,2026-05-27T12:10:45.188000,2026-05-27T12:10:43.450000
5effe5cdde394d799cb81596719f1a51,test-8am,math,0,"如果原图上一个点的数对是(3,2)，现在要把图形放大到原来的2倍，这个点的新数对应该是多少？为什么？",,2026-05-27T12:12:03.029000,2026-05-27T12:12:03.497000
4b1c63f46ef14ff2b177ed39d1a489a0,kexue,science,1,你能举一个厨房里没有产生新物质的变化例子，并说明你的判断依据吗？,是是是,2026-05-27T12:12:22.098000,2026-05-27T12:12:20.361000
b0189342f3604c7c884f86d21bda978d,chenyu-prod-test,math,0,你提到学习了小猫，那在方格纸上将小猫乐乐放大时，每个点的数对是怎样变化的？请举例说明。,数对变化了但我不记得了,2026-05-27T12:13:50.495000,2026-05-27T12:13:50.641000
59ee9db6100445669ca9c5730ffcb496,。。,math,0,如果要将方格纸上的一个图形放大2倍，你认为图形上每个点的数对应该怎样变化？请解释你的理由。,不记得,2026-05-27T12:14:13.275000,2026-05-27T12:14:13.185000
59ee9db6100445669ca9c5730ffcb496,。。,math,1,"如果方格纸上有一个点的位置是 (2,3)，要把它放大2倍，你觉得新点的数对可能是什么？为什么这么想？",（4，6）,2026-05-27T12:14:50.130000,2026-05-27T12:14:50.035000
13c7e7af549f4be7b8bcd0b8535d3ac4,kexue,science,0,请以煎鸡蛋和烧开水为例，说明哪个产生了新物质，你的理由是什么？,煎鸡蛋，有香味，还会糊,2026-05-27T12:15:06.042000,2026-05-27T12:15:04.303000
b0189342f3604c7c884f86d21bda978d,chenyu-prod-test,math,1,"你说数对变化了但不记得，那你能试着猜一猜：如果把小猫的一个点的数对(2,1)放大两倍，新数对可能是多少？为什么这样猜？",,2026-05-27T12:15:12.064000,2026-05-27T12:15:12.236000
59ee9db6100445669ca9c5730ffcb496,。。,math,2,"你为什么认为(2,3)放大2倍后是(4,6)？请解释你的思路。",因为,2026-05-27T12:15:15.790000,2026-05-27T12:15:15.702000
559c1a8d5ae94d4b85bf0c58643e330b,tra,english,0,请用英语回答：What did you do during your last summer vacation?,ate food,2026-05-27T12:15:54.124000,2026-05-27T12:15:54.139000
13c7e7af549f4be7b8bcd0b8535d3ac4,kexue,science,1,你说了煎鸡蛋有香味和糊，那烧开水为什么没有这些现象？,因为烧开水没有生成新物质,2026-05-27T12:16:30.152000,2026-05-27T12:16:28.414000
59ee9db6100445669ca9c5730ffcb496,。。,math,3,"你刚才说到“因为”，但还没说理由。请完整解释：为什么你认为(2,3)放大2倍后是(4,6)？",因为老师是这样讲的,2026-05-27T12:16:36.414000,2026-05-27T12:16:36.331000
559c1a8d5ae94d4b85bf0c58643e330b,tra,english,1,You just said you ate food. Can you describe in English what kind of food you ate?,ice cream,2026-05-27T12:16:47.735000,2026-05-27T12:16:47.746000
59ee9db6100445669ca9c5730ffcb496,。。,math,4,"你提到“因为老师是这样讲的”，那如果老师还没有讲过，你自己会怎么想？比如，要把点(1,4)放大3倍，新的数对应该是多少？请说说你的想法。",不知道,2026-05-27T12:17:01.584000,2026-05-27T12:17:01.485000
559c1a8d5ae94d4b85bf0c58643e330b,tra,english,2,请用英语告诉我，你是在哪里、和谁一起吃冰淇淋的？,my friend,2026-05-27T12:17:40.247000,2026-05-27T12:17:40.259000
13c7e7af549f4be7b8bcd0b8535d3ac4,kexue,science,2,你刚才说烧开水没有生成新物质，那你是怎么知道水没有变成别的物质呢？请结合观察到的现象解释一下。,因为水只有形态变化了,2026-05-27T12:17:45.668000,2026-05-27T12:17:43.930000
13c7e7af549f4be7b8bcd0b8535d3ac4,kexue,science,3,你刚才说水只有形态变化，那你是怎么判断水在形态变化后还是原来的水，而没有变成新物质？请用观察到的现象或你的理由来说明。,我感觉是,2026-05-27T12:18:17.996000,2026-05-27T12:18:16.257000
559c1a8d5ae94d4b85bf0c58643e330b,tra,english,3,你刚才提到和朋友一起吃冰淇淋，请用英语描述一下当时你的感受，并解释为什么会有这种感受。,cool,2026-05-27T12:18:38.701000,2026-05-27T12:18:38.720000
13c7e7af549f4be7b8bcd0b8535d3ac4,kexue,science,4,你刚说是感觉，那除了感觉，能不能用一个简单的方法证明烧开水后水还是原来的水？请具体说说。,,2026-05-27T12:19:36.429000,2026-05-27T12:19:34.691000
559c1a8d5ae94d4b85bf0c58643e330b,tra,english,4,You felt cool. Why? Please answer in English with a complete sentence.,,2026-05-27T12:20:02.982000,2026-05-27T12:20:03.034000
e704a7599ef54a7fa8a081b80b2d4df8,test,math,0,"你说不记得了，那我们先回忆一下：在方格纸上，如果要把一个小猫图上的点都放大到原来的2倍，比如原来点用数对(2,3)表示，放大后它的新数对可能会变成什么？请说说你的想法。",,2026-05-27T12:30:02.493000,2026-05-27T12:30:02.888000
3905e0cb1e1b4e77982d87954d4fc8ec,test-chenyu-prod-bugfix,math,0,"你说不记得了，那如果原来有一个点用数对(2,3)表示，要放大到原来的2倍，这个点的新数对可能是多少？请解释你的想法。",,2026-05-27T12:40:44.688000,2026-05-27T12:40:44.825000
edadb3a402ae45c3952d02ef9d0aa71d,test,math,0,在方格纸上，要让小猫乐乐的图形放大，你觉得可以怎样改变它的各个点的数对？请说说你的想法。,,2026-05-27T12:46:52.397000,2026-05-27T12:46:52.513000
1e40ea6fbc4f4ba6a74c4484878cde7d,test,math,0,"在方格纸上画“小猫乐乐”时，原来点A用数对(2,3)表示，如果把小猫放大到原来的2倍，点A的新数对会变成什么？请解释你的想法。",,2026-05-27T12:58:29.185000,2026-05-27T12:58:29.331000
cfb7929530bb4034931dcd806dd5b4a3,test-may-27,math,0,如果方格纸上有一个点用数对（3，4）表示，现在要把这个点放大2倍，你猜想新的数对可能是多少？请说说你的想法。,,2026-05-27T13:04:44.585000,2026-05-27T13:04:44.720000
cfb7929530bb4034931dcd806dd5b4a3,test-may-27,math,1,在上一轮，我们问了一个问题：如果方格纸上有一个点用数对（3，4）表示，现在要把这个点放大2倍，你猜想新的数对可能是多少？你能试着说说你的想法吗？,,2026-05-27T13:04:59.605000,2026-05-27T13:04:59.735000
cfb7929530bb4034931dcd806dd5b4a3,test-may-27,math,2,在方格纸上，点A用数对（3，4）表示。如果把这个点放大2倍，得到点B，你觉得点B的数对可能是多少？请解释一下你的想法。,,2026-05-27T13:06:33.679000,2026-05-27T13:06:33.809000
cfb7929530bb4034931dcd806dd5b4a3,test-may-27,math,3,"上一轮我们问：点A（3,4）放大2倍得到点B，数对会是什么？你当时没有回答。现在你再试试看，哪怕只猜一个数对，你会猜什么？简单说说你的理由。",,2026-05-27T13:06:54.139000,2026-05-27T13:06:54.280000
cfb7929530bb4034931dcd806dd5b4a3,test-may-27,math,4,"如果只是把点(3,4)的两个数字都乘2，变成(6,8)，你发现这个新点与原来的点在方格纸上的位置有什么关系？请简单说说你的发现。",,2026-05-27T13:08:14.148000,2026-05-27T13:08:14.291000
b1c2bde0acbc4853a1aeef696acd8036,test-may27-bugfix,math,0,"在方格纸上，点(2,3)放大到原来的2倍后，数对会发生怎样的变化？",,2026-05-27T13:25:23.923000,2026-05-27T13:25:29.648000
b1c2bde0acbc4853a1aeef696acd8036,test-may27-bugfix,math,1,"将点(2,3)放大到原来的2倍后，新的数对是什么？请解释一下你的想法。",,2026-05-27T13:25:52.195000,2026-05-27T13:25:52.334000
b1c2bde0acbc4853a1aeef696acd8036,test-may27-bugfix,math,2,"把点(2,3)放大到原来的2倍，新的数对应该是多少？请解释你的想法。",,2026-05-27T13:27:14.078000,2026-05-27T13:27:14.214000
b1c2bde0acbc4853a1aeef696acd8036,test-may27-bugfix,math,3,"如果我们把方格纸上点(2,3)的位置放大到原来的2倍，你猜新的点可能会在哪个数对上？请说说你这么猜的理由。",,2026-05-27T13:27:33.366000,2026-05-27T13:27:33.503000
b1c2bde0acbc4853a1aeef696acd8036,test-may27-bugfix,math,4,"我们一直在讨论把点(2,3)放大到2倍，你一直没有回答。现在请你试一试：把2和3都乘2，得到的新数对是什么？然后想想，为什么这个结果可能就是放大后的位置？",,2026-05-27T13:29:05.389000,2026-05-27T13:29:05.526000
b8956b7ba4e94a57a903402da259b7d7,test-may27-bugfix2,math,0,在方格纸上放大图形时，数对中的每个数会如何变化？请举例说明。,,2026-05-27T13:31:35.577000,2026-05-27T13:31:35.734000
b8956b7ba4e94a57a903402da259b7d7,test-may27-bugfix2,math,1,"上一轮我请你举例说明数对放大时的变化，你没有回答。现在请以点(1,2)为例，说说如果把它放大2倍，新的数对会是多少？并解释一下你是怎样想的。",,2026-05-27T13:31:49.257000,2026-05-27T13:31:49.415000
b8956b7ba4e94a57a903402da259b7d7,test-may27-bugfix2,math,2,"以小猫图上的点(1,2)为例，如果要把小猫放大2倍，这个点的新位置是多少？请你说明是怎样找到新数对的。",,2026-05-27T13:33:09.857000,2026-05-27T13:33:10.039000
b8956b7ba4e94a57a903402da259b7d7,test-may27-bugfix2,math,3,你一直没有回答，请告诉我，当你看到“放大2倍”时，你想到的是怎样改变数对中的数字？如果你不确定，也可以说说你的困惑在哪里。,,2026-05-27T13:33:29.350000,2026-05-27T13:33:29.506000
b8956b7ba4e94a57a903402da259b7d7,test-may27-bugfix2,math,4,"你在前几轮都没有回答，现在请试着说一说，如果把点(3, 4)放大2倍，你会怎么改变数对中的数字？哪怕不确定，也请说出你的想法。",,2026-05-27T13:34:41.785000,2026-05-27T13:34:41.942000
6adac312221a41e6833376659cbe6ffc,test-120s,math,0,在方格纸上画图时，如果想要将一个图形放大，数对应该怎样变化？请举例说明。,,2026-05-27T13:46:03.085000,2026-05-27T13:46:03.767000
6adac312221a41e6833376659cbe6ffc,test-120s,math,1,你刚才没有回答第一轮的问题，现在请试着思考一下：在方格纸上想要将一个图形放大，数对应该怎样变化？,,2026-05-27T13:46:22.045000,2026-05-27T13:46:22.252000
e68bfafea1fd499aa95a701b7bef92f6,test-new-timer,math,0,你在反思里写了“test”，这似乎不是具体内容，你能详细说说在方格纸上用数对放大图形的方法吗？,,2026-05-27T13:52:09.308000,2026-05-27T13:52:10.406000
e68bfafea1fd499aa95a701b7bef92f6,test-new-timer,math,1,你还没有回答，能详细说说在方格纸上用数对放大图形的方法吗？,,2026-05-27T13:52:20.331000,2026-05-27T13:52:20.491000
e68bfafea1fd499aa95a701b7bef92f6,test-new-timer,math,2,"在方格纸上，如果有一个点的数对是(2,3)，要把它放大2倍，新的数对会是什么？为什么？",,2026-05-27T13:54:35.526000,2026-05-27T13:54:35.983000
e68bfafea1fd499aa95a701b7bef92f6,test-new-timer,math,3,你能用自己的话说说，在方格纸上用数对把图形放大是什么意思吗？,,2026-05-27T13:54:55.351000,2026-05-27T13:54:55.536000
e68bfafea1fd499aa95a701b7bef92f6,test-new-timer,math,4,"在方格纸上，三角形ABC的顶点用数对表示是A(1,2)、B(4,2)、C(2,5)。如果要放大2倍，新数对怎么算？请说出你的计算过程。",,2026-05-27T13:57:17.602000,2026-05-27T13:57:18.664000
a31001b132214717898b90f1c4fbdde2,test-may27-finaltesting,math,0,你提到‘可爱小猫’，在活动中我们用数对表示小猫的点。如果要这只小猫变大，比如沿着方格纸放大，那些数对应该怎么变？请你结合一个具体的点来解释。,,2026-05-27T18:20:45.130000,2026-05-27T18:20:45.673000
a31001b132214717898b90f1c4fbdde2,test-may27-finaltesting,math,1,"在第一轮，我问了如果小猫要变大，数对该怎么变，你没有回答。现在，假设小猫身上有一个点是 (2,3)，如果要把小猫放大为原来的2倍，这个点的新数对是多少？请解释为什么这样变。",,2026-05-27T18:21:04.603000,2026-05-27T18:21:04.809000
a31001b132214717898b90f1c4fbdde2,test-may27-finaltesting,math,2,"对于点(2,3)，如果放大为原来的2倍，新数对应该是什么？请解释你的思考过程。",,2026-05-27T18:29:28.355000,2026-05-27T18:29:28.776000
a31001b132214717898b90f1c4fbdde2,test-may27-finaltesting,math,3,"点(2,3)放大2倍后的新数对是多少？请你写出数对并说明理由。",,2026-05-27T18:30:09.613000,2026-05-27T18:30:09.803000
a31001b132214717898b90f1c4fbdde2,test-may27-finaltesting,math,4,"你还没有告诉我(2,3)放大2倍后的新数对，请你猜一个数对，并解释为什么这样猜？",,2026-05-27T18:32:33.679000,2026-05-27T18:32:34.097000
625a10e799ea4e8085cfe817cad5aa08,test,math,0,在方格纸上，数对（4，2）中的4和2分别表示什么意思？请简单解释。,不清楚呀,2026-05-27T19:51:12.538000,2026-05-27T19:51:12.696000
625a10e799ea4e8085cfe817cad5aa08,test,math,1,"要找到数对（4,2）表示的点，在方格纸上应该怎么走？请描述你的步骤。",我不知道步骤是什么,2026-05-27T19:51:52.443000,2026-05-27T19:51:52.603000
625a10e799ea4e8085cfe817cad5aa08,test,math,2,"如果教室座位第4组第2个可以用数对（4,2）表示，那数对里的4和2分别指什么？",分别指的是坐标,2026-05-27T19:52:33.185000,2026-05-27T19:52:33.407000
625a10e799ea4e8085cfe817cad5aa08,test,math,3,"你说数对（4,2）表示坐标，那在这个坐标里，4和2分别代表从起点向哪边数几格？",第四格,2026-05-27T19:53:00.876000,2026-05-27T19:53:01.023000
625a10e799ea4e8085cfe817cad5aa08,test,math,4,"你刚才说数对（4,2）表示坐标，那这里的2表示什么意思呢？",,2026-05-27T19:55:16.970000,2026-05-27T19:55:17.378000
c031ae955faa4c9e915d71a20fc5ff82,38,math,0,你提到“数对的变化”，那么在方格纸上，怎样改变每个点的数对才能将小猫乐乐放大？,将数对中的数同时乘上同一个数,2026-05-28T02:08:46.935000,2026-05-28T02:08:46.985000
c2aa3c13793148bba1eb31f181391b9a,13,math,0,"你提到学习了数对表达，如果要把小猫乐乐的一个点，比如在数对(2,3)的位置，进行放大，你准备怎么改变这个数对？为什么这样改？",（4，6）（8，12）.......,2026-05-28T02:09:18.273000,2026-05-28T02:09:18.332000
e50c980507954e9faab9355a9a7988c8,4号,math,0,你已经知道数对是如何表示的，那么如果我们要在方格纸上将小猫的图形放大，你猜猜看数对会发生怎样的变化呢？请解释你的想法。,数对会变大,2026-05-28T02:09:21.656000,2026-05-28T02:09:22.126000
989ea1dd970b47fcb54add063e899444,27,math,0,"你提到掌握了数对的前后顺序。如果要把方格纸上小猫的一个点放大，比如从(2,1)变成原来的两倍，这个点的数对应该怎么变？请说说你是怎么想的。",应该变为（4，2）,2026-05-28T02:09:30.238000,2026-05-28T02:09:30.666000
73e43a0beb8a4c03a3b51f3703950780,21,math,0,你提到学习了图形变化的规律，那么在方格纸上，将小猫图形放大时，它的数对会怎样变化？请举例解释。,将数对的前后两个数同时,2026-05-28T02:09:36.708000,2026-05-28T02:09:36.871000
1cf6b395804148aeaa9bbaf321fd6df9,6,math,0,"你刚提到了数对，那么在方格纸上，数对（比如(3,2)）里的第一个数和第二个数分别表示什么意思呢？","3是第三列2是第
二行",2026-05-28T02:09:33.579000,2026-05-28T02:09:39.942000
0da7cf07f26c4b3bb366aa00b857116d,36,math,0,你说“数对里的两个数字同时乘一个不为零的数字与原来图形相向”，这里的“相向”是指图形形状不变吗？如果我们将小猫乐乐每个点的数对都乘2，画出新图形后，新图形和原图形相比到底发生了什么变化？为什么会这样？,是原图形的每条线段按比例放大到原来的二分之一,2026-05-28T02:09:44.479000,2026-05-28T02:09:45.355000
73e43a0beb8a4c03a3b51f3703950780,21,math,1,你刚才说“将数对的前后两个数同时”，请完整说明你想说的是同时做什么？并请举一个具体的数对例子说明如何放大。,,2026-05-28T02:09:52.098000,2026-05-28T02:09:52.246000
6e0f02619a0740bb9fd045cf68816ee6,43,math,0,你说学会了找数对的规律，能具体说说你是怎样利用这些规律把小猫乐乐的图形放大的吗？,根据一个数对之间的关系来放大例如2x2y,2026-05-28T02:09:54.478000,2026-05-28T02:09:54.814000
fd13eb646b5e4b4986aaf389dbbe8896,23,math,0,你说你学会了用数对绘图，如果要让小猫乐乐在方格纸上放大到原来的两倍，它的每个点的数对应该怎么变化呢？请解释。,将数对的左右两边都,2026-05-28T02:10:10.828000,2026-05-28T02:10:10.943000
c031ae955faa4c9e915d71a20fc5ff82,38,math,1,你提到“将数对中的数同时乘上同一个数”，请解释为什么乘的数必须相同，如果乘不同的数图形会发生什么变化？,会使大小和原来不一样,2026-05-28T02:10:22.046000,2026-05-28T02:10:22.097000
7f3cc3500f1c4340973383230874f12c,45,math,0,你说你学到了数对的规律，那么在方格纸上把一个简单图形放大时，各个顶点的数对应该如何变化？请举例说明。,应该把x和y轴同时乘相同的数，（1，1） -》 （2，2）,2026-05-28T02:10:22.193000,2026-05-28T02:10:23.772000
b5aba6b8fab84f859491d4c5e78a841b,22,math,0,你提到“书堆绘图”，能具体解释一下是什么意思吗？它和我们今天要学习的“用数对放大图形”可能有什么联系？,数对将两个点连在,2026-05-28T02:10:24.563000,2026-05-28T02:10:25.083000
fd13eb646b5e4b4986aaf389dbbe8896,23,math,1,你刚才说“将数对的左右两边都……”，请接着把这句话说完，然后解释为什么两个数都这样变化就能把图形放大到原来的两倍？,,2026-05-28T02:10:26.381000,2026-05-28T02:10:26.486000
5fec46b95d7d4fb78acc56a847043b53,9,math,0,你提到‘用点定位’，那么怎样用数对表示小猫乐乐图上某个点的位置呢？,纵向写1,2026-05-28T02:10:27.792000,2026-05-28T02:10:27.877000
1cf6b395804148aeaa9bbaf321fd6df9,6,math,1,"小猫乐乐的一个点原来在(3,2)，放大后到了(6,4)，你发现数对的两个数分别发生了怎样的变化？",扩大了,2026-05-28T02:10:28.882000,2026-05-28T02:10:35.237000
2db85724b2a44c2181502df4055bc70d,47,math,0,在方格纸上表示小猫乐乐轮廓上的一个点，你是怎样用数对来写的？请举个例子说明。,先找竖排在找,2026-05-28T02:10:35.127000,2026-05-28T02:10:35.251000
b5aba6b8fab84f859491d4c5e78a841b,22,math,1,你刚才说“数对将两个点连在”，能继续说完你的想法吗？,,2026-05-28T02:10:35.605000,2026-05-28T02:10:36.114000
915041d2bcf84ba2876a5556929ac860,3,math,0,你提到通过找数对的规律来画出图案，请具体说说，你是怎样从原图数对得到放大的数对的？,观察前后的数找倍数关系,2026-05-28T02:10:45.142000,2026-05-28T02:10:45.115000
0da7cf07f26c4b3bb366aa00b857116d,36,math,1,你刚才说将每个点的数对乘2后，新图形的每条线段按比例放大到原来的二分之一，为什么是二分之一而不是2倍呢？请解释你的想法。,说错了不好意思，是两倍,2026-05-28T02:10:53.775000,2026-05-28T02:10:54.643000
2db85724b2a44c2181502df4055bc70d,47,math,1,你提到“先找竖排在找”，那对于小猫乐乐身上的一个点，你能用数对写出它的位置并解释每个数字表示什么吗？,,2026-05-28T02:10:58.313000,2026-05-28T02:10:58.423000
5fec46b95d7d4fb78acc56a847043b53,9,math,1,你回答‘纵向写1’，那么数对中的两个数字分别表示什么方向？请举例写出一个数对并说明。,,2026-05-28T02:11:00.889000,2026-05-28T02:11:00.964000
ae331b4e716b477babdbd02452383b7a,10号,math,0,如果要将方格纸上的小猫乐乐放大到原来的2倍，它上面的点的数对会发生什么变化？请举例说明你的想法。,数对的排列和,2026-05-28T02:11:03.990000,2026-05-28T02:11:04.758000
0f43e1e032014d5ca2c8320804c1e5b8,24,math,0,"在方格纸上把小猫乐乐放大2倍，一个点的数对原来是(2,3)，放大后应该变成什么？请解释你是怎么想的。",他的2倍,2026-05-28T02:11:11.796000,2026-05-28T02:11:12.168000
e50c980507954e9faab9355a9a7988c8,4号,math,1,"你提到数对会变大，那么具体是怎样变大的呢？请结合一个例子解释，比如原来一个点的数对是(2,3)，放大后可能变成什么。",会2放大两倍3也放大两倍，也就是（4，6）,2026-05-28T02:11:15.353000,2026-05-28T02:11:15.823000
73e43a0beb8a4c03a3b51f3703950780,21,math,2,你之前说“将数对的前后两个数同时”，请解释一下：放大图形时，两个数应该同时怎么变？并举例说明。,扩大或缩小同倍数,2026-05-28T02:11:18.460000,2026-05-28T02:11:18.607000
ae331b4e716b477babdbd02452383b7a,10号,math,1,"你提到“数对的排列和”，能把这个想法说完整吗？比如，一个原来在(2,3)的点，放大2倍后数对会变成什么？请举例说明。",,2026-05-28T02:11:20.639000,2026-05-28T02:11:21.392000
1cf6b395804148aeaa9bbaf321fd6df9,6,math,2,"你说扩大了，那原来的(3,2)变成(6,4)时，第一个数和第二个数分别发生了怎样的变化？",扩大了,2026-05-28T02:11:19.035000,2026-05-28T02:11:25.392000
989ea1dd970b47fcb54add063e899444,27,math,1,"如果小猫乐乐身上还有一个点是(3,4)，也要放大两倍，它的数对会变成什么？请解释你的想法。",它的数对会变成（6，8），因为各放大两倍就变成了6和8,2026-05-28T02:11:26.837000,2026-05-28T02:11:27.268000
6e0f02619a0740bb9fd045cf68816ee6,43,math,1,你提到“2x2y”，你能以小猫乐乐的一个关键点为例，具体说说你是怎样用这个规律改变它的数对来放大的吗？,就比如耳朵之间的间距是一排 设为x 放大时放大两倍就是2x,2026-05-28T02:11:29.062000,2026-05-28T02:11:29.402000
f8e13ed1707c471bb7833654466858a8,18,math,0,你反思中提到“横纵数对同时乘或除以一个相同的数（0除外），图形的形状不变”，为什么必须是“同时”和“相同的数”呢？如果只把横坐标乘2，纵坐标不变，图形会怎样变化？,会比原来宽,2026-05-28T02:11:30.466000,2026-05-28T02:11:30.543000
c2aa3c13793148bba1eb31f181391b9a,13,math,1,"你列出了(4,6)和(8,12)这些数对，你是怎么想到要这样改变原来的数对(2,3)的呢？请解释一下你的思考过程。",因它们都乘一个,2026-05-28T02:11:34.384000,2026-05-28T02:11:34.454000
7ee1c7b3d6154856a83b2bdaba507dc2,30,math,0,"你能举个例子说说，为什么数对的两个数都要同时乘或除以相同的数，画出来的图形才像吗？比如把一个三角形的顶点数对（2,1）放大2倍，会变成什么？如果只乘第一个数，图形会怎样？",三角形，会变形,2026-05-28T02:11:34.944000,2026-05-28T02:11:34.867000
aa1383ea890b49d3bc627a6b69811cdd,31,math,0,你在方格纸上根据数对找点时，具体是怎样操作的？请举例说明。,是按照竖排和横排的顺序依次往下推算,2026-05-28T02:11:36.675000,2026-05-28T02:11:36.753000
fd13eb646b5e4b4986aaf389dbbe8896,23,math,2,"你之前说过“将数对的左右两边都……”，现在请你用一个具体的点，比如(2,3)，把这句话说完，然后解释为什么两个数都这样变化就能把图形放大到原来的两倍？",2乘2，3也乘2,2026-05-28T02:11:39.805000,2026-05-28T02:11:39.906000
e566af60059948d9a2377e746d0c0a32,48,math,0,在方格纸上，要把小猫乐乐的图形放大，它的每个点的数对会发生怎样的变化？请举例说明。,会直接乘一个数,2026-05-28T02:11:39.778000,2026-05-28T02:11:40.226000
cda0296923954328a259094a34baba3b,39,math,0,你提到“数对各点按等比例扩大或缩小才与原图形最像”，那请结合小猫乐乐的某个点，说说你是怎样用数对进行等比例放大的？,例如a点 它对应的数对是（x，y） 必须是（bx，by）,2026-05-28T02:11:40.727000,2026-05-28T02:11:40.514000
73e43a0beb8a4c03a3b51f3703950780,21,math,3,"你刚才说‘扩大或缩小同倍数’，请以数对(2,3)为例，说明放大2倍后会变成什么数对？",（4，6）,2026-05-28T02:11:55.980000,2026-05-28T02:11:56.126000
90c4b4bdd09c4c86b24a5fb4e12a7f57,14,math,0,你说已经学会了用数对表示点的位置，那么如果要把小猫的图形放大，它的每个点的数对会发生怎样的变化？请解释你的想法。,每个数对，相对的数会同时扩大相同的数,2026-05-28T02:11:56.370000,2026-05-28T02:11:56.345000
c2aa3c13793148bba1eb31f181391b9a,13,math,2,"你说“因它们都乘一个”，为什么要把(2,3)的两个数都乘同一个数？如果乘的数不一样，图形会变成什么样？",,2026-05-28T02:11:56.419000,2026-05-28T02:11:56.481000
1cf6b395804148aeaa9bbaf321fd6df9,6,math,3,"你说扩大了，那原来(3,2)变成(6,4)时，第一个数和第二个数分别发生了怎样的具体变化？",不知道,2026-05-28T02:11:51.946000,2026-05-28T02:11:58.301000
b9524ce276114336bc48003f5718978d,41,math,0,你说你学到了知识，那关于用数对放大图形，你具体学到了什么知识呢？,一个图形等比例放大后,2026-05-28T02:11:58.360000,2026-05-28T02:11:59.437000
fea502ff1e7746e39961439affde92a0,11,math,0,你反思中提到想知道数对规律对图像有什么影响，那么在“小猫乐乐”的活动中，你是怎样用数对的变化把图形放大的？请结合一个点举例说明。,我发现数对中列数增加，图像扁，行数增加图像高，都增加图像相同，增加量比值相同，那图像与原来更想,2026-05-28T02:12:04.813000,2026-05-28T02:12:04.836000
cda0296923954328a259094a34baba3b,39,math,1,"你用“(bx, by)”放大了a点，那么小猫乐乐身上其他点的数对也需要乘以同一个b吗？如果b不一样会发生什么？",,2026-05-28T02:12:06.430000,2026-05-28T02:12:06.191000
0da7cf07f26c4b3bb366aa00b857116d,36,math,2,你刚才说乘2后图形变成原来的两倍，那如果想将小猫乐乐缩小到原来的一半，你会如何改变数对？为什么这样做？,将数对的两个数字同时乘二分之一，因为这样会按比例缩小，不影响形状,2026-05-28T02:12:17.111000,2026-05-28T02:12:17.988000
b5aba6b8fab84f859491d4c5e78a841b,22,math,2,你之前说‘数对将两个点连在’，能试着把这句话说完，并用一个例子说明你理解中的‘连在’是什么意思吗？,两个点连在一起形成一个图形,2026-05-28T02:12:20.248000,2026-05-28T02:12:20.761000
616a3dd7c60a4deeaf056c468606b0fa,19,math,0,你能解释为什么数对中横纵坐标同时乘相同的数，图形就和原图形像，并用小猫乐乐举例吗？,可以画出乐乐，然后画出一个横坐标乘2和纵坐标,2026-05-28T02:12:22.822000,2026-05-28T02:12:22.773000
7f3cc3500f1c4340973383230874f12c,45,math,1,"根据你的例子，把（1,1）放大为（2,2）是同时乘了2。请解释为什么必须要同时把两个坐标都乘2，而不是只把其中一个坐标乘2？",如果只放大一个， 放大出来的可能会太扁,2026-05-28T02:12:25.121000,2026-05-28T02:12:26.703000
6e0f02619a0740bb9fd045cf68816ee6,43,math,2,"你之前用耳朵间距从x变成2x来解释放大，但这只是距离的变化。在方格纸上，我们放大图形时其实是要改变每个点的数对。请以前一个数对（比如 (a, b)）为例，说说什么样的计算能让它变成放大两倍后的新数对？",2a 2b,2026-05-28T02:12:36.846000,2026-05-28T02:12:37.177000
e50c980507954e9faab9355a9a7988c8,4号,math,2,"你说(2,3)放大两倍到(4,6)，那么要把整个小猫图形都放大两倍，是不是每个点的数对都要这样乘以2？为什么？",因为它要等比例放大,2026-05-28T02:12:40.408000,2026-05-28T02:12:40.869000
b48634af6a9b41568ddfd1e366eab63e,44,math,0,你提到数对前后两个点同时乘一个相同的数图形形状不变，那么为什么这样做能保持形状不变呢？请结合具体例子说明。,一个正方形有四个点，,2026-05-28T02:12:40.760000,2026-05-28T02:12:40.938000
9119132b68c94cd9ac3ffa2c594213b9,16,math,0,你说轮廓上点的位置决定了形状和大小，那么如果要把一个小猫图形放大，原来点的数对应该怎样变化？请举个例子说明。,如果把小猫图形放大2倍 那么横轴和,2026-05-28T02:12:43.023000,2026-05-28T02:12:43.307000
f9fe30e6c18447d1b956d9faaaa978b5,20,math,0,你说横轴与纵轴同时乘或除以一个相同的数得到的图形最像，请解释为什么这样做得到的图形会最像呢？,"因为当设前项为x，后项为y,",2026-05-28T02:12:44.032000,2026-05-28T02:12:43.530000
c031ae955faa4c9e915d71a20fc5ff82,38,math,2,你上次说乘不同的数会使大小和原来不一样，那么乘不同的数后，小猫的形状会变吗？请解释为什么。,因为点不同后和原来点的大小就不同,2026-05-28T02:12:44.047000,2026-05-28T02:12:44.104000
7ee1c7b3d6154856a83b2bdaba507dc2,30,math,1,"请以（2,1）为例，解释只将第一个数乘2后，新三角形与原来相比哪里不一样了？",顶点位置发生改变,2026-05-28T02:12:47.229000,2026-05-28T02:12:47.146000
f8e13ed1707c471bb7833654466858a8,18,math,1,你说只将横坐标乘2会让图形变宽，那如果只将纵坐标乘2，横坐标不变，图形会怎样变化？这跟你说的‘横纵数对同时乘相同的数图形形状不变’有什么关系？,会变长,2026-05-28T02:12:52.545000,2026-05-28T02:12:52.633000
5fec46b95d7d4fb78acc56a847043b53,9,math,2,上一轮你未回答数对的方向问题，现在请你说说：数对（2，3）中，2和3分别表示什么方向？,2是纵轴3是横轴,2026-05-28T02:12:52.632000,2026-05-28T02:12:52.712000
de4d21978f7345b0a4e80ba7538d617f,7,math,0,你刚才说“数对变化图形就会变化”，那如果要把小猫乐乐放大到原来的2倍，你觉得数对应该怎么变化？为什么？,数对都扩大,2026-05-28T02:12:54.488000,2026-05-28T02:12:54.680000
1cf6b395804148aeaa9bbaf321fd6df9,6,math,4,"你刚才说不知道数对发生了怎样的具体变化，那你再看看：原来的(3,2)和放大后的(6,4)，第一个数从3变成6，第二个数从2变成4，你能发现它们分别变成了原来的几倍吗？",2倍,2026-05-28T02:12:48.443000,2026-05-28T02:12:54.798000
915041d2bcf84ba2876a5556929ac860,3,math,1,你提到“观察前后的数找倍数关系”，请以小猫的一个点为例，具体说说你是怎样用这个倍数关系从原点对得到新点对的？,若前面的数对为（2，3），后面的为（4，6），,2026-05-28T02:12:58.705000,2026-05-28T02:12:58.694000
f9fe30e6c18447d1b956d9faaaa978b5,20,math,1,"你说“因为当设前项为x，后项为y,”，请把你的想法说完，解释为什么横轴和纵轴同时乘或除以相同的数，图形就会最像？",,2026-05-28T02:13:01.494000,2026-05-28T02:13:00.989000
616a3dd7c60a4deeaf056c468606b0fa,19,math,1,你之前提到画横坐标乘2和纵坐标，为什么只将横坐标乘2而纵坐标不变，画出的图形就不像了？,,2026-05-28T02:13:01.319000,2026-05-28T02:13:01.262000
b48634af6a9b41568ddfd1e366eab63e,44,math,1,你能用正方形四个顶点的具体数对举例，说明乘2后为什么还是正方形吗？,,2026-05-28T02:13:01.156000,2026-05-28T02:13:01.316000
4e38cfadb9384a35b6575d46f922d449,17,math,0,你能结合小猫乐乐的某个点，比如（2，3），说说为什么把它的两个数都乘2变成（4，6）后，图形会变大但形状不变吗？,因为他们都是同时乘一个相同的数,2026-05-28T02:13:02.898000,2026-05-28T02:13:02.960000
51f8c6bcb49349369b1e3668e83ff5f7,26,math,0,你在方格纸上放大图形时，具体是怎么改变数对的？请用小猫乐乐的一个点举例说明变化前后的数对。,"(0,2)同时乘2得（0，4）",2026-05-28T02:13:03.414000,2026-05-28T02:13:03.467000
26c2fc93fd9b4f1fa3cd64c214c2bf80,46,math,0,在方格纸上，你如何用数对表示小猫乐乐某个点的位置？请说一说数对中的两个数分别代表什么。,第一个数表示竖着,2026-05-28T02:13:03.772000,2026-05-28T02:13:03.840000
aa1383ea890b49d3bc627a6b69811cdd,31,math,1,你提到“按照竖排和横排的顺序依次往下推算”，那么在放大图形时，你如何根据原图的数对来确定新图的各个点？请结合一个具体例子解释。,依次×2或除以2或一个自然数,2026-05-28T02:13:04.314000,2026-05-28T02:13:04.395000
c031ae955faa4c9e915d71a20fc5ff82,38,math,3,"如果将一个点的数对（2,3）的第一个数乘2，第二个数乘3，这个点的新位置会让小猫的形状发生什么改变？",,2026-05-28T02:13:09.291000,2026-05-28T02:13:09.339000
fd89609db4ce4f74bb5a34088cea00fa,2,math,0,你说找到了数对间的规律，能举个例子具体说说这种规律是怎样的吗？,如（2，3）与（4，6）这两个数对有两,2026-05-28T02:13:13.738000,2026-05-28T02:13:13.831000
989ea1dd970b47fcb54add063e899444,27,math,2,"根据你的想法，(3,4)放大两倍得到(6,8)。那反过来，要把(6,8)缩小回原来，它的数对会变成多少？",它的数对会缩小到（3，4）,2026-05-28T02:13:13.629000,2026-05-28T02:13:14.050000
ea41f410759f44c5b83b38458f6a6f8b,1,math,0,你能不能结合小猫乐乐的例子，解释一下你学到的通过改变数对让图形变大的规律？,让每个点同时乘或除以一个不为0的数来变大,2026-05-28T02:13:18.123000,2026-05-28T02:13:18.316000
9119132b68c94cd9ac3ffa2c594213b9,16,math,1,你刚才提到放大2倍时“横轴和”，请接着说完并举例说明吧。,,2026-05-28T02:13:18.966000,2026-05-28T02:13:19.235000
de4d21978f7345b0a4e80ba7538d617f,7,math,1,"你说数对都扩大，那比如小猫乐乐上有一个点的数对是(2,3)，放大两倍后这个点的数对应该是多少？请解释为什么这样变就能把图形放大。",,2026-05-28T02:13:24.195000,2026-05-28T02:13:24.379000
ae331b4e716b477babdbd02452383b7a,10号,math,2,"你之前说“数对的排列和”，能用一个具体的点，比如(2,3)，解释一下放大2倍后数对怎么变吗？请说明你的想法。",（2，3）的2乘2而3也要乘2放大后就是（4，6）,2026-05-28T02:13:26.237000,2026-05-28T02:13:26.998000
0f43e1e032014d5ca2c8320804c1e5b8,24,math,1,"你说“他的2倍”，能具体解释一下你是怎么从(2,3)得到新数对的吗？",因为题上,2026-05-28T02:13:32.400000,2026-05-28T02:13:32.781000
26c2fc93fd9b4f1fa3cd64c214c2bf80,46,math,1,"你提到数对的第一个数表示竖着，那对于点(3,5)，你能在方格纸上指一指它是怎么找的吗？",,2026-05-28T02:13:40.280000,2026-05-28T02:13:40.335000
fd13eb646b5e4b4986aaf389dbbe8896,23,math,3,"你说把(2,3)的两个数都乘2得到(4,6)，那为什么这样就能让小猫乐乐放大到原来的两倍？请结合方格纸上的格子来解释。",因为他们都乘了2,2026-05-28T02:13:46.743000,2026-05-28T02:13:46.850000
44f776e193ac494485e290b107f5d744,40,math,0,如果试着把小猫乐乐的每个数对都除以2，你认为图形会变成什么样子，为什么？,会等比例缩小，因为各数对都除以2,2026-05-28T02:13:49.388000,2026-05-28T02:13:49.460000
e566af60059948d9a2377e746d0c0a32,48,math,1,你说“会直接乘一个数”，请你以小猫乐乐图上的一个点为例，具体说说怎样乘，乘几？为什么这样乘？,如果只横着放大就后面乘2,2026-05-28T02:13:49.402000,2026-05-28T02:13:49.851000
2db85724b2a44c2181502df4055bc70d,47,math,1,你说“先找竖排在找”，那如果小猫乐乐鼻尖在从左往右第3列、从下往上第2行，按照你的方法，这个点的数对应该怎样写？请你写出数对并解释每个数字代表的意思。,3，2表示在第三排第二列,2026-05-28T02:13:51.013000,2026-05-28T02:13:51.132000
73e43a0beb8a4c03a3b51f3703950780,21,math,4,"你刚才说数对(2,3)放大2倍变成(4,6)，那如果要将(4,6)缩小，变成原来的二分之一，数对会变成什么？请解释你的方法。",（2，3）  将4和6都乘1/2,2026-05-28T02:13:52.620000,2026-05-28T02:13:52.777000
fea502ff1e7746e39961439affde92a0,11,math,1,"你提到“增加量比值相同，那图像与原来更想”，能举个例子吗？比如小猫乐乐上一个点的数对是(2,1)，你是怎样改变它的数对从而使图形放大，且形状不变的呢？",比如第一项和另一像，都同时乘二，那图像面积变为原来4倍左右，但形状就没变,2026-05-28T02:13:58.922000,2026-05-28T02:13:58.948000
c2aa3c13793148bba1eb31f181391b9a,13,math,3,请接着想：如果乘的数不一样，图形会变成什么样？,这样图形的大小会不同,2026-05-28T02:14:03.450000,2026-05-28T02:14:03.518000
b9524ce276114336bc48003f5718978d,41,math,1,你刚才说“一个图形等比例放大后”，那么在这个放大过程中，图形上每个点的数对发生了怎样的变化？,把长为x把宽为y   变为2x    2y,2026-05-28T02:14:08.664000,2026-05-28T02:14:09.743000
90c4b4bdd09c4c86b24a5fb4e12a7f57,14,math,1,"你刚才提到“相对的数会同时扩大相同的数”，能用一个具体的点，比如小猫鼻尖原来的位置是(2,3)，说说放大后它会怎么变吗？为什么这样就能让图形变大？",放大两倍，2会扩大两倍，3会扩大两倍，变成,2026-05-28T02:14:12.640000,2026-05-28T02:14:12.628000
b5aba6b8fab84f859491d4c5e78a841b,22,math,3,你说两个点连在一起形成一个图形，那如果要放大这个图形，你觉得这些点的数对应该怎么变化呢？请举例说明。,点数每个放大两倍,2026-05-28T02:14:21.304000,2026-05-28T02:14:21.817000
04275294032e4eb3b850d2f0044dc615,28,math,0,你已经知道数对可以表示方格纸上的点，如果要把小猫乐乐的图形放大到原来的2倍，你认为每个点的数对应该怎样变化？请解释你的想法。,"如果是(2,8),变成（4，16）",2026-05-28T02:14:26.350000,2026-05-28T02:14:26.417000
cda0296923954328a259094a34baba3b,39,math,2,你在反思中说‘数对各点按等比例扩大或缩小才与原图形最像’，那么如果小猫乐乐的不同点乘以不同的b，图形会变成什么样？请结合你的反思解释一下。,那样每条边长度就与原来的比例不同。看着会比较奇怪,2026-05-28T02:14:32.842000,2026-05-28T02:14:32.608000
aa1383ea890b49d3bc627a6b69811cdd,31,math,2,你提到“依次×2或除以2或一个自然数”，那么在放大图形时，你是对原图每个点的数对都这样操作吗？请以小猫乐乐的一个具体点为例，说说你是怎样计算新数对，并在方格纸上找到它的。,不是的要从图形的大小和数对来看,2026-05-28T02:14:39.163000,2026-05-28T02:14:39.232000
0da7cf07f26c4b3bb366aa00b857116d,36,math,3,你在反思中提到“乘一个不为零的数字”，如果乘0，会画出什么图形？请解释你的想法。,任何数字乘0都等于0，将两个数字都乘0就没有图形了,2026-05-28T02:14:38.839000,2026-05-28T02:14:39.715000
7f3cc3500f1c4340973383230874f12c,45,math,2,你提到“如果只放大一个，放大出来的可能会太扁”，能不能用一个具体的图形例子，比如一个正方形，说说如果只把它的顶点的x坐标都乘以2，y坐标不变，画出来的图形会是什么样子？为什么你会觉得它“太扁”？,点1：（1， 1） 点2：（1， 2） 点3：（）,2026-05-28T02:14:49.112000,2026-05-28T02:14:50.703000
915041d2bcf84ba2876a5556929ac860,3,math,2,"你举的例子中（4,6）是（2,3）的两倍，那么小猫的其他点是否也都用了相同的两倍关系？请以另一个点为例说明。",有，比如：（3，5）和（6，10）为两倍关系,2026-05-28T02:14:55.261000,2026-05-28T02:14:55.255000
c031ae955faa4c9e915d71a20fc5ff82,38,math,4,"你还没回答：将数对(2,3)的第1个数乘2、第2个数乘3后，新点会让小猫的形状发生什么变化？为什么？",会，因为（2，3）2乘2，3乘3就变成了（4，9）,2026-05-28T02:15:08.447000,2026-05-28T02:15:08.498000
5fec46b95d7d4fb78acc56a847043b53,9,math,3,"你刚才说在数对(2,3)中，2表示纵轴，3表示横轴。按照你的理解，在方格纸上点(2,3)应该画在什么位置？请解释你这样画的理由。",2排3列,2026-05-28T02:15:14.126000,2026-05-28T02:15:14.208000
f8e13ed1707c471bb7833654466858a8,18,math,2,既然你知道了单独变一个坐标会让图形变宽或变长，那为什么横纵坐标同时乘2后，图形只是大小变了，形状却没变呢？,,2026-05-28T02:15:16.939000,2026-05-28T02:15:17.040000
b48634af6a9b41568ddfd1e366eab63e,44,math,2,"一个正方形顶点是(1,1)、(1,3)、(3,3)、(3,1)，每个数对都乘2后，新图形为什么还是正方形？",扩大了4倍，成了正方形,2026-05-28T02:15:18.974000,2026-05-28T02:15:19.136000
ae331b4e716b477babdbd02452383b7a,10号,math,3,"你刚才把(2,3)放大2倍变成了(4,6)，那为什么放大2倍后数对的每个数都要乘2呢？",因为他要扩大到原来的两倍,2026-05-28T02:15:23.102000,2026-05-28T02:15:23.855000
ea41f410759f44c5b83b38458f6a6f8b,1,math,1,根据你发现的规律，如果要把小猫乐乐放大到原来的2倍，每个点的数对应分别怎样变化？请结合原来一个具体的点来说明。,应该让每个点的横轴和数轴同时乘2,2026-05-28T02:15:24.239000,2026-05-28T02:15:24.425000
f9fe30e6c18447d1b956d9faaaa978b5,20,math,2,"你上次写到“因为当设前项为x，后项为y,”，请以小猫图形上的一个点为例，说明为什么x和y同时乘相同数后，新图形与原图形形状相似？",当第一项乘一个数，第二项也乘一个相同的数，前后可以约分，就是x，,2026-05-28T02:15:25.082000,2026-05-28T02:15:24.602000
51f8c6bcb49349369b1e3668e83ff5f7,26,math,1,"你把(0,2)乘2变成了(0,4)，那么小猫的其他点应该怎么变化？请解释原因。",前后同时乘2，因为都乘2，图形不变,2026-05-28T02:15:44.754000,2026-05-28T02:15:44.810000
616a3dd7c60a4deeaf056c468606b0fa,19,math,2,你之前提到可以画出乐乐，然后画出一个横坐标乘2和纵坐标，能具体说说这里的纵坐标要怎样处理，画出来的图形才会像原图吗？,和纵坐标乘2的图形再画出一个横纵坐标分别乘2的图形,2026-05-28T02:15:47.347000,2026-05-28T02:15:47.297000
6ff87720193445459407f9f877b3cd28,8,math,0,在方格纸上，数对怎么变化才能使图形不变？请用例子说明你的想法。,数对都乘,2026-05-28T02:15:55.577000,2026-05-28T02:15:55.800000
9119132b68c94cd9ac3ffa2c594213b9,16,math,2,你刚说放大2倍时“横轴和……”，接下来会怎么变化？请用一个具体数对举例说明。,横轴和竖轴都应放大两倍,2026-05-28T02:15:57.263000,2026-05-28T02:15:57.542000
7ee1c7b3d6154856a83b2bdaba507dc2,30,math,2,你说顶点位置发生改变，那为什么这种改变就会让三角形变形呢？请结合新顶点的位置详细说明。,因为横轴位置发生改变，定点又决定了位置，所以会变形,2026-05-28T02:15:59.410000,2026-05-28T02:15:59.348000
51f8c6bcb49349369b1e3668e83ff5f7,26,math,2,你刚才说“图形不变”，但放大后的图形应该变大了呀，你觉得这里的“图形不变”是什么意思？,,2026-05-28T02:16:14.211000,2026-05-28T02:16:14.259000
6ff87720193445459407f9f877b3cd28,8,math,1,你能举一个具体的例子，解释一下你说的“数对都乘”为什么会使图形保持不变吗？,,2026-05-28T02:16:21.901000,2026-05-28T02:16:22.105000
7f3cc3500f1c4340973383230874f12c,45,math,2,你刚才举的正方形例子中，如果只把x坐标都乘2，y坐标不变，那么新图形的四个顶点分别是哪四个数对？,,2026-05-28T02:16:34.455000,2026-05-28T02:16:36.040000
f8e13ed1707c471bb7833654466858a8,18,math,2,既然只改横坐标会变宽，只改纵坐标会变长，那为什么横纵坐标同时乘2后，图形不会既变宽又变长，而是保持形状不变呢？请用比例的想法解释一下。,,2026-05-28T02:16:43.878000,2026-05-28T02:16:43.961000
f9fe30e6c18447d1b956d9faaaa978b5,20,math,2,"你刚才说‘当第一项乘一个数，第二项也乘一个相同的数，前后可以约分，就是x，’，请你用一个具体的点，比如小猫身上的点(3,2)，把这句话说完，解释为什么这样做就能让图形形状不变？",,2026-05-28T02:16:48.258000,2026-05-28T02:16:47.755000
90c4b4bdd09c4c86b24a5fb4e12a7f57,14,math,1,"你刚才说(2,3)放大两倍后2和3都扩大两倍，然后说“变成”就停住了，你能把这个句子说完，并解释为什么这样就能让图形变大吗？",,2026-05-28T02:16:53.854000,2026-05-28T02:16:53.838000
04275294032e4eb3b850d2f0044dc615,28,math,1,你提到将数对的两个数都乘以2，这样新的点位置有什么变化？画出的新图形大小和形状会怎样？请解释你的理由。,会向上向右2格，,2026-05-28T02:16:53.787000,2026-05-28T02:16:53.879000
b9524ce276114336bc48003f5718978d,41,math,1,"你说把长x宽y变为2x、2y，那么对于图形上的一个点，比如原来在(3,2)，放大后它的数对会变成什么？为什么？","6,4",2026-05-28T02:17:25.664000,2026-05-28T02:17:26.733000
02329085c48d43e9b84eedc709165344,23,math,0,你说学到了如何用数对绘图，那在用数对让小猫乐乐变大的过程中，你是怎样改变数对的呢？请解释你的方法。,将数对两边都乘2,2026-05-28T02:17:28.475000,2026-05-28T02:17:28.580000
44f776e193ac494485e290b107f5d744,40,math,0,为什么数对的两个数都除以2，小猫的图形还是像原来的样子？请从边的长度变化来解释。,因为每条边都缩小到原来的二分之一,2026-05-28T02:17:40.997000,2026-05-28T02:17:41.069000
915041d2bcf84ba2876a5556929ac860,3,math,3,你通过乘以2得到了放大后的数对并画出了新图形，请问画出的放大图与原来的小猫像吗？结合你的画图经验说明理由。,像，因为按照等比例放大或缩小，图形的整体会比较相似。,2026-05-28T02:17:41.615000,2026-05-28T02:17:41.616000
51f8c6bcb49349369b1e3668e83ff5f7,26,math,3,你刚才提到“图形不变”，但放大后的图形大小改变了，为什么还说图形不变呢？请解释一下你的想法。,是图形形状不变,2026-05-28T02:17:44.398000,2026-05-28T02:17:44.448000
2db85724b2a44c2181502df4055bc70d,47,math,1,"你写（3,2）表示第三排第二列，但通常数对（3,2）表示第三列第二行。你能用小猫鼻尖在方格纸上的位置解释一下，到底哪个数字表示列，哪个表示行吗？",三表示列二表行,2026-05-28T02:18:16.918000,2026-05-28T02:18:17.041000
ea41f410759f44c5b83b38458f6a6f8b,1,math,2,根据你发现的规律，如果要把小猫乐乐缩小到原来的一半，每个点的数对应该怎样变化？为什么？,应该让两个数同时除2，这样可以等比例缩小,2026-05-28T02:18:19.366000,2026-05-28T02:18:19.545000
4e38cfadb9384a35b6575d46f922d449,17,math,0,你说“因为他们都是同时乘一个相同的数”，那么你能结合（2，3）这个点，具体说说为什么同时乘相同的数就能让形状不变吗？,（2，3）同时乘2变成（4，6），就像,2026-05-28T02:18:20.540000,2026-05-28T02:18:20.613000
e566af60059948d9a2377e746d0c0a32,48,math,1,"你说“后面乘2”，请用一个具体的点（比如小猫鼻尖（3,1））来说明，哪个数是横坐标，哪个是纵坐标，只有横着放大时到底哪个数要乘2？",横着放大前面的乘2从3变成6,2026-05-28T02:18:20.194000,2026-05-28T02:18:20.643000
de4d21978f7345b0a4e80ba7538d617f,7,math,1,"你刚才没有回答，没关系。让我们再想想：你说过数对都扩大，那(2,3)的这个点，如果每个数都扩大2倍，新的数对是什么？请你试着写出这个数对，然后说说，为什么这样改变后，在方格纸上的小猫乐乐就会变成原来的2倍大？",（4，6）因为数对扩大图形,2026-05-28T02:18:27.666000,2026-05-28T02:18:27.863000
ae331b4e716b477babdbd02452383b7a,10号,math,3,"如果把(2,3)的横坐标和纵坐标都加上2，变成(4,5)，这样也能把点扩大到原来的两倍吗？为什么？",不行因为应是乘二而不是加二所以不可以扩大到原来的两倍,2026-05-28T02:18:32.165000,2026-05-28T02:18:32.931000
b48634af6a9b41568ddfd1e366eab63e,44,math,2,为什么从新的数对中可以看出新图形的每条边都变成了4，并且仍然是正方形？,扩大形成正方形,2026-05-28T02:18:33.645000,2026-05-28T02:18:33.799000
6ff87720193445459407f9f877b3cd28,8,math,2,上轮你没回答。请你举个具体的例子，说说数对都乘什么数时图形的大小不变，并解释为什么。,数对都乘同一个数,2026-05-28T02:18:34.976000,2026-05-28T02:18:35.183000
5fec46b95d7d4fb78acc56a847043b53,9,math,3,"按照你“2排3列”的说法，点(1,4)应该画在方格纸的什么位置？",1排4列的交点,2026-05-28T02:18:35.317000,2026-05-28T02:18:35.401000
724c3ad71fc2439fae9750249f20bd4f,49,math,0,为什么在图形放大时，数对的前一个数和后一个数必须同时乘相同的数？,因为如果要乘相同,2026-05-28T02:18:41.830000,2026-05-28T02:18:41.923000
f8e13ed1707c471bb7833654466858a8,18,math,3,你提到横纵坐标同时乘2图形形状不变，那这个图形原来的长和宽的比是多少，乘2后长和宽的比又是多少？这说明了什么？,原来这个图形的长和宽的比是1:1,2026-05-28T02:18:43.925000,2026-05-28T02:18:44.016000
c2aa3c13793148bba1eb31f181391b9a,13,math,3,你提到乘的数不一样图形的大小会不同，那么图形的形状会怎么变？请试着解释原因。,比如（1，2）的长方形如果Y*2,2026-05-28T02:18:44.807000,2026-05-28T02:18:44.889000
cda0296923954328a259094a34baba3b,39,math,2,"你用数对举例说明一下，比如原图有两点A(1,1)和B(1,3)，如果A放大为(2,2)而B放大为(2,5)，它们的边长比例与原图相比怎么不同了？",因为第一个数是都乘2 而第二个不是这样,2026-05-28T02:18:48.337000,2026-05-28T02:18:48.103000
fea502ff1e7746e39961439affde92a0,11,math,1,你提到面积变为原来的4倍，那如果数对的两个数都乘3，面积会变为原来的几倍？为什么？,9倍我们可以拿一个正方形来举例子，，每个数乘三那边长变为原来三倍，3*3=9,2026-05-28T02:18:49.090000,2026-05-28T02:18:49.129000
7f3cc3500f1c4340973383230874f12c,45,math,3,"你刚才举的正方形例子，点1是(1,1)，点2是(1,2)，那么这个正方形的另外两个顶点是什么？如果只把每个顶点的x坐标都乘2，新图形的四个顶点数对分别是什么？",点3：（2，1）， 点4：（2， 2） ，改变后：点1：（2， 1）点2：（2， 2）点3：（4， 1）， 点4（4， 2）,2026-05-28T02:18:54.097000,2026-05-28T02:18:55.683000
616a3dd7c60a4deeaf056c468606b0fa,19,math,2,为什么必须把横纵坐标乘相同的数，画出的图形才像原来的小猫乐乐？,因为横纵坐标同时乘2，横轴和纵轴的点会在同一条直线上,2026-05-28T02:19:03.508000,2026-05-28T02:19:03.454000
f9fe30e6c18447d1b956d9faaaa978b5,20,math,3,"你提到“前后可以约分，就是x”，请用小猫身上的点(3,2)为例，把这句话说完，解释把(3,2)的横纵坐标都乘2后，新点(6,4)与原点相比，为什么图形形状不变？",因为6除以2等于3 ，4除以2等于2，他们都是除以一个相同的数得出（3，2）,2026-05-28T02:19:11.590000,2026-05-28T02:19:11.091000
724c3ad71fc2439fae9750249f20bd4f,49,math,0,你说“因为如果要乘相同”，那为什么数对的两个数都乘相同的数，放大后的图形形状才不会变呢？,,2026-05-28T02:28:19.914000,2026-05-28T02:28:19.990000
0f43e1e032014d5ca2c8320804c1e5b8,24,math,1,"你说“因为题上”，能结合数对(2,3)具体解释一下你是怎么算出放大2倍后的新数对的吗？",,2026-05-28T02:28:22.591000,2026-05-28T02:28:22.965000
4e38cfadb9384a35b6575d46f922d449,17,math,0,你刚才说到“（2，3）同时乘2变成（4，6），就像……”，你能把这句话说完吗？试着用它来解释为什么乘相同的数后小猫的形状不变。,,2026-05-28T02:28:28.711000,2026-05-28T02:28:28.772000
de4d21978f7345b0a4e80ba7538d617f,7,math,1,"你说(2,3)变成(4,6)是因为数对扩大图形，那在方格纸上，这个点从原来的位置移动到新位置，它的列数和行数分别发生了什么变化？为什么每个点的列数和行数都这样变化，小猫乐乐就会变成原来的2倍大？",,2026-05-28T02:28:32.022000,2026-05-28T02:28:32.203000
13aa04b0bbc5473c8c1810cfad6e99b4,30,math,0,你提到数对的前项和后项要同时乘或除以相同的数，图形才像，你能解释一下为什么这样做能保持小猫的形状不变吗？,因为只是整体放大，不是单一放大,2026-05-28T02:29:40.462000,2026-05-28T02:29:40.448000
ea41f410759f44c5b83b38458f6a6f8b,1,math,2,你刚才说让两个数同时乘或除以一个数，如果我把小猫乐乐的每个点的横坐标乘2，纵坐标却乘3，你觉得图形会发生什么变化？为什么？,,2026-05-28T02:30:46.938000,2026-05-28T02:30:47.096000
ea41f410759f44c5b83b38458f6a6f8b,1,math,3,如果横坐标乘2，纵坐标乘3，你觉得图形会发生什么变化，为什么？,,2026-05-28T02:31:42.799000,2026-05-28T02:31:42.951000
dc767e9f91a84de382c415741b61e807,42,science,0,请举出一个厨房里发生的物理变化和一个化学变化的例子，并说说你是根据什么标准来区分的？,产生了新物质是化学变化,2026-05-28T03:30:53.460000,2026-05-28T03:30:53.642000
8686ac17eee846eb9c7ce70b3cc78309,9,science,0,在厨房里，当你看到水烧开变成水蒸气，或者苹果切开后变色，你觉得这两种变化有什么不同吗？,,2026-05-28T03:31:13.901000,2026-05-28T03:31:13.763000
8686ac17eee846eb9c7ce70b3cc78309,9,science,1,上次问你水烧开变成水蒸气和苹果切开后变色有什么不同，你没有回答。现在请根据“是否产生新物质”这个标准，解释一下这两种变化分别属于什么类型，并说明理由。,,2026-05-28T03:31:36.561000,2026-05-28T03:31:36.411000
9e204997ff1243dcb032c49dded94751,14,science,0,你提到学习了化学的概念，请以厨房里的苹果切开后变色为例，解释为什么这是化学变化，并说明判断的关键标准是什么。,这是氧化,2026-05-28T03:31:40.122000,2026-05-28T03:31:40.093000
032655a90f5d46edb4560e9e01a48618,28,science,0,请回想你在厨房里见过的一种物质变化，并举一个例子，说说这个变化是物理变化还是化学变化，为什么这样判断？,面包发霉 科学变化 因为科学,2026-05-28T03:31:49.012000,2026-05-28T03:31:48.796000
d515f1485a784470932d2f7229d16353,31,science,0,你提到学习了物理变化和化学变化的区别，那么在厨房里烧开水时，水变成水蒸气，这属于什么变化？为什么？,属于物理变化。因为shui'bian'c,2026-05-28T03:31:50.541000,2026-05-28T03:31:49.989000
2047034e88b246e88806e2591d5fe6c5,10,science,0,糖溶解在水里和铁锅生锈，这两个变化在是否产生新物质上有什么本质区别？,不知道,2026-05-28T03:31:55.355000,2026-05-28T03:31:55.599000
d515f1485a784470932d2f7229d16353,31,science,1,你刚才说水变成水蒸气属于物理变化，但你的回答‘shui'bian'c’没有说完，能接着解释一下，在这个过程中水的种类变了吗？究竟有没有产生新的物质？,,2026-05-28T03:32:04.683000,2026-05-28T03:32:04.119000
032655a90f5d46edb4560e9e01a48618,28,science,1,你说面包发霉是化学变化，请解释这个变化中是否产生了新物质，为什么你这么认为？,因为我觉得他就是,2026-05-28T03:32:35.309000,2026-05-28T03:32:35.087000
bb34f27a16f34e7caa55b9448ed2cd75,37,science,0,你在反思中提到学了银河系的知识，但在我们的厨房里也有物质变化。你能举一个你在厨房见过的变化，并用‘是否产生新物质’判断它是物理变化还是化学变化吗？,米经过蒸煮才能shu,2026-05-28T03:32:52.800000,2026-05-28T03:32:53.209000
bb34f27a16f34e7caa55b9448ed2cd75,37,science,1,你提到米经过蒸煮才能熟，那么用“是否产生新物质”的标准，你判断这个过程是物理变化还是化学变化？请说明你的理由。,,2026-05-28T03:33:06.483000,2026-05-28T03:33:06.879000
cf841ef9b5f64e2ba14f4dbea86bc989,30,science,0,在厨房里，切菜和煎蛋分别属于哪种变化？请用‘是否产生新物质’解释你的判断。,物理变化和化学变化,2026-05-28T03:33:09.104000,2026-05-28T03:33:08.437000
0ea178d3b6224d72bbc0304efe490729,7,science,0,你在反思中提到了“化学”和“物理”，那么在厨房里你观察到的哪些变化属于化学变化，哪些属于物理变化？说说你判断的依据是什么。,苹果切开后过了,2026-05-28T03:33:09.819000,2026-05-28T03:33:09.998000
b818aeb93ab34652be26861827f54707,19,science,0,你能从厨房里找出一个物理变化和一个化学变化的例子，并说明你是根据什么判断它们是物理变化或化学变化的吗？,苹果发霉是化学变化,2026-05-28T03:33:19.549000,2026-05-28T03:33:18.959000
9e204997ff1243dcb032c49dded94751,14,science,1,你提到苹果变色是氧化，那为什么发生氧化就一定是化学变化？判断的关键标准是什么？,产生了新物质,2026-05-28T03:33:20.435000,2026-05-28T03:33:20.424000
dc767e9f91a84de382c415741b61e807,42,science,1,你提到“产生了新物质是化学变化”，那么请举出一个厨房里没有产生新物质的变化，并解释你是怎么判断的？,看xin'tai,2026-05-28T03:33:20.266000,2026-05-28T03:33:20.463000
032655a90f5d46edb4560e9e01a48618,28,science,2,你提到面包发霉是化学变化，请具体说说面包发霉后出现了什么新物质，你是如何观察到的？,霉菌 用眼睛观察,2026-05-28T03:33:21.700000,2026-05-28T03:33:21.481000
0ea178d3b6224d72bbc0304efe490729,7,science,1,你说“苹果切开后过了”，请完整描述苹果切开后发生了什么具体变化，并判断它是物理变化还是化学变化，你的依据是什么？,,2026-05-28T03:33:22.728000,2026-05-28T03:33:22.896000
525a15b07d2144dbaa587a52ed57a930,45,science,0,在厨房里，你观察到哪些物质发生了变化？请举几个例子，并试着说说这些变化有没有产生新的物质。,和面时，但没有新物z,2026-05-28T03:33:30.502000,2026-05-28T03:33:29.836000
b818aeb93ab34652be26861827f54707,19,science,1,你提到苹果发霉是化学变化，请解释你是根据什么判断它产生了新物质？,,2026-05-28T03:33:38.303000,2026-05-28T03:33:37.702000
dc767e9f91a84de382c415741b61e807,42,science,2,你提到看形态来判断，比如把水放进冰箱冻成冰，形态从液体变成固体，这个过程有没有产生新物质？请解释你的判断理由。,,2026-05-28T03:33:37.643000,2026-05-28T03:33:37.827000
2047034e88b246e88806e2591d5fe6c5,10,science,1,你提到不清楚区别，那我们先想想：糖溶于水后，如果我把水蒸干，还能得到糖吗？这能不能说明糖溶解后产生了新物质？为什么？,能得到，不能,2026-05-28T03:33:40.675000,2026-05-28T03:33:40.938000
fea720bd8f784195833e62f0e5012be1,3,science,0,你在反思中提到水，那水烧开变成水蒸气，是物理变化还是化学变化？请用是否产生新物质来解释。,未产生新物质，只是将水转化成水蒸气,2026-05-28T03:33:40.123000,2026-05-28T03:33:41.043000
525a15b07d2144dbaa587a52ed57a930,45,science,1,除了和面，请你在厨房里找出一个你认为产生了新物质的变化，并说说你的理由。,,2026-05-28T03:33:55.123000,2026-05-28T03:33:54.442000
8686ac17eee846eb9c7ce70b3cc78309,9,science,2,先来看水烧开变成水蒸气的例子。你认为这个变化有没有产生新物质？请解释你的理由。,,2026-05-28T03:33:56.894000,2026-05-28T03:33:56.766000
fea720bd8f784195833e62f0e5012be1,3,science,1,你怎么知道水蒸气仍然是水，而不是一种新物质呢？请说说你的判断方法。,,2026-05-28T03:33:59.237000,2026-05-28T03:34:00.145000
4878391969fa4a15af19e670b116c97e,1,science,0,你能说出厨房里正在发生的一些变化吗？比如水烧开或煎鸡蛋，并试着说说这些变化有什么不同？,上午,2026-05-28T03:34:06.569000,2026-05-28T03:34:05.228000
218996fbaf4943258149c658c60d1120,4,science,0,你提到生活中有化学或物理变化，能请你从厨房里举一个例子，并说说它是哪种变化吗？,厨房中演示物理变化,2026-05-28T03:34:05.953000,2026-05-28T03:34:06.093000
032655a90f5d46edb4560e9e01a48618,28,science,3,你说观察到霉菌，那霉菌是面包里原来就有的物质吗？请解释为什么霉菌的出现说明产生了新物质。,不是 霉菌就是新物质,2026-05-28T03:34:07.813000,2026-05-28T03:34:07.596000
8da7d5f43f8a4908939bf9dd7b09cdd2,13,science,0,请举出一个厨房里发生的物理变化的例子，并解释为什么它是物理变化。,冰箱里的冰块慢慢融化，物理变化，只改变了形体,2026-05-28T03:34:13.354000,2026-05-28T03:34:13.499000
8686ac17eee846eb9c7ce70b3cc78309,9,science,3,上次问你水烧开变成水蒸气有没有产生新物质，你还没回答。现在换个思路：如果水蒸气再冷却凝结成水，这个过程有没有产生新物质？请解释理由。,,2026-05-28T03:34:18.647000,2026-05-28T03:34:18.508000
d515f1485a784470932d2f7229d16353,31,science,2,你刚才回答水变成水蒸气属于物理变化，但只说了“因为shui'bian'c”，能完整地解释一下在这个过程中，有没有产生新的物质吗？,水变成水蒸气只有,2026-05-28T03:34:25.628000,2026-05-28T03:34:25.090000
4878391969fa4a15af19e670b116c97e,1,science,1,你刚才提到“上午”，能具体说说你在上午的厨房里观察到了哪些物质变化吗？,,2026-05-28T03:34:27.139000,2026-05-28T03:34:25.788000
3035001a22044d3980ea96fefc632153,27,science,0,请你举一个在厨房里观察到的物质变化的例子，并判断它属于物理变化还是化学变化，说说你判断的理由。,咬过后的苹果,2026-05-28T03:34:29.525000,2026-05-28T03:34:28.575000
aac7373560cc43d2823294b10143fff9,20,science,0,你提到学到了化学反应和物理反应的区别，请举一个你在厨房里观察到的化学变化的例子，并说明为什么你认为它是化学变化？,慢慢融化的bin,2026-05-28T03:34:28.811000,2026-05-28T03:34:28.958000
378eb07ed3a1452c87dc59f269933407,17,science,0,在厨房里，煎鸡蛋时蛋清从透明变白，这属于物理变化还是化学变化？请用你提到的‘是否产生新物质’标准来解释。,化学反应,2026-05-28T03:34:33.535000,2026-05-28T03:34:32.633000
d515f1485a784470932d2f7229d16353,31,science,3,你上一轮说“水变成水蒸气只有”，能接着这句话完整地解释一下，在这个过程中有没有产生新的物质吗？,,2026-05-28T03:34:38.979000,2026-05-28T03:34:38.423000
1789e2e7fa1143e196a9a66052d8109f,25,science,0,你反思时提到‘真的产生了吗’，请用一个厨房里的例子解释一下，你在判断有没有新物质产生时遇到了什么困难？,橘子发霉了 有,2026-05-28T03:34:43.696000,2026-05-28T03:34:42.280000
aac7373560cc43d2823294b10143fff9,20,science,1,你提到的“慢慢融化的bin”，如果是指冰融化，按照“是否产生新物质”的标准，它属于物理变化还是化学变化？为什么？,,2026-05-28T03:34:48.405000,2026-05-28T03:34:48.541000
0ea178d3b6224d72bbc0304efe490729,7,science,2,你第一次提到苹果切开后“过了”，能具体描述一下这个变化现象，并说说它属于物理变化还是化学变化吗？,化学变化,2026-05-28T03:34:49.013000,2026-05-28T03:34:49.187000
b818aeb93ab34652be26861827f54707,19,science,2,苹果发霉前后，它的颜色和气味有什么不同？这些不同怎么证明产生了新物质？,有点臭，有的地方变黑了，产生了霉,2026-05-28T03:34:59.862000,2026-05-28T03:34:59.273000
cf841ef9b5f64e2ba14f4dbea86bc989,30,science,1,你刚才说切菜是物理变化，煎蛋是化学变化。请解释为什么煎蛋过程中产生了新物质？,因为透明的蛋白会变成白色,2026-05-28T03:35:06.560000,2026-05-28T03:35:05.908000
98fe8f9938f74c26b7971726ce9a6f08,36,science,0,你提到了宇宙的变化，那在厨房里，你见过哪些物质变化？请举一个例子，并说明它是否产生了新物质。,火,2026-05-28T03:35:07.195000,2026-05-28T03:35:07.821000
bb34f27a16f34e7caa55b9448ed2cd75,37,science,2,你如何用“是否产生新物质”判断米蒸煮是物理变化还是化学变化？,蒸米饭产生新的物质所以是化学变化,2026-05-28T03:35:10.708000,2026-05-28T03:35:11.118000
3ac3618bf69e4bce87ee86bdd7ab45ce,24,science,0,你提到化学变化会产生新物质，那么苹果切开放一段时间后变色，这是化学变化吗？请解释你的判断依据。,是，会变色,2026-05-28T03:35:13.077000,2026-05-28T03:35:12.782000
218996fbaf4943258149c658c60d1120,4,science,1,"你说""厨房中演示物理变化""，能请你具体举一个厨房里物理变化的例子，并说明为什么它是物理变化吗？",水是物理变化,2026-05-28T03:35:14.745000,2026-05-28T03:35:14.889000
4878391969fa4a15af19e670b116c97e,1,science,2,你上次提到“上午”，现在能具体说说你在上午的厨房里看见了什么变化吗？,物理变化,2026-05-28T03:35:20.057000,2026-05-28T03:35:18.711000
87fbadd962794d608111579898b0b16a,40,science,0,你在反思中提到化学变化会产生新物质，物理变化只改变形态。请从厨房里找一个具体的例子，说说你怎样判断它是物理变化还是化学变化？,米饭,2026-05-28T03:35:25.909000,2026-05-28T03:35:25.699000
032655a90f5d46edb4560e9e01a48618,28,science,4,你说霉菌就是新物质，那面包发霉后除了长出霉菌，面包本身的气味或颜色有变化吗？这些变化怎么帮助你判断产生了新物质？,变成了五颜六色 气味有点酸,2026-05-28T03:35:29.485000,2026-05-28T03:35:29.274000
9e204997ff1243dcb032c49dded94751,14,science,2,你如何通过观察苹果变色前后的不同，来证明它产生了新物质？,,2026-05-28T03:35:39.307000,2026-05-28T03:35:39.302000
87fbadd962794d608111579898b0b16a,40,science,1,你举了米饭的例子，请说说米饭在厨房里发生了怎样的变化，你是如何根据“是否产生新物质”来判断它属于哪种变化的？,,2026-05-28T03:35:43.256000,2026-05-28T03:35:43.036000
7d9175e495e84ad19a4d45d0ceb0a2ae,16,science,0,你把盐放进水里搅拌，盐消失了。这个变化是物理变化还是化学变化？请用“是否产生新物质”来解释你的判断。,物理变化   不会,2026-05-28T03:35:50.831000,2026-05-28T03:35:50.964000
dc767e9f91a84de382c415741b61e807,42,science,3,你之前说看形态来判断变化，但水冻成冰后形态变了，它还是原来的物质吗？这样有没有产生新物质？请解释你的判断。,,2026-05-28T03:35:57.637000,2026-05-28T03:35:57.837000
1789e2e7fa1143e196a9a66052d8109f,25,science,1,你提到橘子发霉产生了新物质，那么从橘子发霉前后的特征变化来看，你是怎样判断出产生了新物质的？,表面发白发绿 皮变软,2026-05-28T03:36:03.583000,2026-05-28T03:36:02.173000
8da7d5f43f8a4908939bf9dd7b09cdd2,13,science,1,你提到冰块融化‘只改变了形体’，那你能从‘是否产生新物质’的角度，再解释一下为什么它属于物理变化吗？,冰块融化从固体变成液体，也就是水，没有产生新物质,2026-05-28T03:36:03.458000,2026-05-28T03:36:03.607000
fea720bd8f784195833e62f0e5012be1,3,science,2,你能想到一个小实验或观察方法，来证明水蒸气其实还是水吗？请描述你的想法。,水蒸气是气态，无色无味，透明，不可触。,2026-05-28T03:36:05.039000,2026-05-28T03:36:05.965000
908f18c76f314927925205c655e6c36e,6,science,0,请判断盐在水中溶解属于物理变化还是化学变化，并解释为什么。,是物理反应，因为没有产生新物质,2026-05-28T03:36:07.094000,2026-05-28T03:36:06.407000
218996fbaf4943258149c658c60d1120,4,science,2,你提到水是物理变化，那厨房里的水具体发生了什么变化呢？为什么这个变化没有产生新物质？,烧开的水冷去,2026-05-28T03:36:09.736000,2026-05-28T03:36:09.884000
27ea6a2d60514128912207248f0c8b86,23,science,0,在厨房里，请你举出一个会产生新物质的变化和一个不会产生新物质的变化，并解释你是根据什么标准来区分的。,米饭,2026-05-28T03:36:13.129000,2026-05-28T03:36:14.278000
378eb07ed3a1452c87dc59f269933407,17,science,1,你刚才说煎鸡蛋是化学反应，那你能用‘是否产生新物质’的标准，解释一下为什么吗？,产生新物质,2026-05-28T03:36:15.320000,2026-05-28T03:36:14.434000
9e204997ff1243dcb032c49dded94751,14,science,3,苹果切开后颜色从浅变深了，这个变化为什么能证明产生了新物质？,,2026-05-28T03:36:15.435000,2026-05-28T03:36:15.420000
3035001a22044d3980ea96fefc632153,27,science,1,你提到咬过后的苹果，请说说你认为它是物理变化还是化学变化？你是根据什么特征来判断的？,物理变化 我是通过它咬烂的那部分只晓得,2026-05-28T03:36:17.277000,2026-05-28T03:36:16.343000
cf841ef9b5f64e2ba14f4dbea86bc989,30,science,2,你提到煎蛋时蛋白从透明变白，除了颜色变化，你还观察到哪些现象可以帮助确认煎蛋确实产生了新物质？,它会散发蛋的香气,2026-05-28T03:36:19.888000,2026-05-28T03:36:19.231000
bb34f27a16f34e7caa55b9448ed2cd75,37,science,3,你观察到什么现象让你认为蒸米饭产生了新物质？请说明变化前后的特征。,气味变成香的了，是气味的变化，产生了新气味,2026-05-28T03:36:22.388000,2026-05-28T03:36:22.794000
dc767e9f91a84de382c415741b61e807,42,science,4,你还没有回答前两次的问题，让我们再试一次：水冻成冰后，如果让冰再融化成水，这和原来的水一样吗？你根据什么来判断？请解释。,,2026-05-28T03:36:23.897000,2026-05-28T03:36:24.090000
7d9175e495e84ad19a4d45d0ceb0a2ae,16,science,1,你刚说盐溶于水是物理变化，因为没新物质。那怎么证明水里还藏着原来的盐呢？有没有办法把它变回来？,蒸,2026-05-28T03:36:30.103000,2026-05-28T03:36:30.238000
2047034e88b246e88806e2591d5fe6c5,10,science,2,从能否重新得到原物质的角度，铁锅生锈和糖溶于水有什么不同？,铁锅生锈是因为氧化，,2026-05-28T03:36:35.580000,2026-05-28T03:36:35.851000
3d3f6882a3d1435c8ca997257167b69c,2,science,0,煎蛋是物理变化还是化学变化？请用是否产生新物质来判断并解释。,物理变化,2026-05-28T03:36:37.336000,2026-05-28T03:36:37.021000
8686ac17eee846eb9c7ce70b3cc78309,9,science,4,上一次我们提到，水蒸气冷却凝结成水，这个过程里水只是从气态变回液态。请你根据“是否产生新物质”这个标准，判断一下这个变化属于物理变化还是化学变化，并说明理由。,,2026-05-28T03:36:38.917000,2026-05-28T03:36:38.793000
794b64a225d049ddb3bf8c8b1b640b71,29,science,0,厨房里经常发生物质变化，比如苹果切开后变色，你能解释一下这是物理变化还是化学变化，为什么？,产生,2026-05-28T03:36:45.127000,2026-05-28T03:36:45.278000
378dddfdf32d4ffebcb0a33fc218ade9,11,science,0,你能以厨房里的一种现象为例，说说它是物理变化还是化学变化，并解释你为什么这样判断吗？,米饭蒸熟了是化学变化,2026-05-28T03:36:49.533000,2026-05-28T03:36:49.686000
0ea178d3b6224d72bbc0304efe490729,7,science,3,你说苹果切开后的变化是化学变化，为什么会这么判断？你能具体描述一下苹果切开后颜色、气味等方面发生了什么现象，并根据是否产生新物质来解释吗？,变黄。味道一样,2026-05-28T03:36:51.214000,2026-05-28T03:36:51.540000
4b34a8574a494f938763d72e23fff15c,38,science,0,你提到产生新物质是化学变化，那你能举一个厨房里产生新物质的化学变化的例子，并说明为什么它是化学变化吗？,鸡蛋熟了,2026-05-28T03:36:53.329000,2026-05-28T03:36:53.191000
218996fbaf4943258149c658c60d1120,4,science,3,你提到烧开的水冷却，在这个过程中，你怎样证明水没有变成新的物质？,里面会出现细菌,2026-05-28T03:36:56.761000,2026-05-28T03:36:56.912000
9e204997ff1243dcb032c49dded94751,14,science,4,苹果切开后颜色变深，为什么这种颜色变化就意味着一定生成了新物质？请用你的观察来解释。,气味,2026-05-28T03:36:58.203000,2026-05-28T03:36:58.192000
98fe8f9938f74c26b7971726ce9a6f08,36,science,1,你提到火，那用火加热食物时，有没有新物质产生？为什么？,有变香了,2026-05-28T03:37:00.156000,2026-05-28T03:37:00.785000
794b64a225d049ddb3bf8c8b1b640b71,29,science,1,你回答“产生”，请完整地告诉老师，苹果切开变色是物理变化还是化学变化，为什么？,,2026-05-28T03:37:08.117000,2026-05-28T03:37:08.256000
aac7373560cc43d2823294b10143fff9,20,science,2,请解释一下，按照‘是否产生新物质’的标准，冰融化为什么是物理变化或化学变化？,因为ta'cong'gu'ti'bian'cheng'l'ye'i,2026-05-28T03:37:10.663000,2026-05-28T03:37:10.826000
d515f1485a784470932d2f7229d16353,31,science,4,你之前说水变成水蒸气只有状态变化，那么厨房里苹果切开后变色，属于什么变化？请用‘是否产生新物质’来解释。,属于化学变化，颜色发生了变化，产sh,2026-05-28T03:37:11.595000,2026-05-28T03:37:11.063000
b818aeb93ab34652be26861827f54707,19,science,3,你提到苹果发霉变黑变臭了，那为什么这些变化说明有新的物质生成，而不是苹果本身状态变化了呢？,因为霉并不bing'bu'shu'yu'ping,2026-05-28T03:37:12.377000,2026-05-28T03:37:12.058000
2bf6e45de03b49ce9a0f5a7667dd26df,47,science,0,你在反思中提到化学变化大部分发光发热有气味。那么，如果把水烧开变成水蒸气，这个过程中水不停地冒泡，看起来也很剧烈，你认为它是化学变化吗？请根据是否产生新物质来解释。,我认为水是物理变化：因为物质没有改变只是,2026-05-28T03:37:12.680000,2026-05-28T03:37:12.569000
87fbadd962794d608111579898b0b16a,40,science,2,你上次提到米饭，但没具体说明。请以米饭在厨房里的变化为例，详细说说你是怎样用“是否产生新物质”来判断它属于物理变化还是化学变化的？,气味，颜色等发生变化就是化学变化,2026-05-28T03:37:18.574000,2026-05-28T03:37:18.367000
218996fbaf4943258149c658c60d1120,4,science,4,你提到烧开的水冷却后会出现细菌，那么细菌是新产生的物质吗？为什么？,是,2026-05-28T03:37:21.801000,2026-05-28T03:37:21.955000
aac7373560cc43d2823294b10143fff9,20,science,3,你提到冰从固体变成液体，那根据‘是否产生新物质’的标准，它属于物理变化还是化学变化？为什么？,,2026-05-28T03:37:26.114000,2026-05-28T03:37:26.259000
2bf6e45de03b49ce9a0f5a7667dd26df,47,science,1,你刚才说“物质没有改变只是”，请把这句话说完，并解释：你怎么证明水变成水蒸气后，它依然是水，而没有变成别的新物质？,,2026-05-28T03:37:29.467000,2026-05-28T03:37:29.344000
4878391969fa4a15af19e670b116c97e,1,science,3,你刚才回答“物理变化”，能举一个你在厨房里见过物理变化的例子，并说明为什么它没有产生新物质吗？,"米饭煮s
z",2026-05-28T03:37:34.633000,2026-05-28T03:37:33.306000
b818aeb93ab34652be26861827f54707,19,science,4,你说霉不属于苹果，所以是化学变化。那如果把苹果切成两半，苹果变了吗？这属于物理变化还是化学变化？请根据是否产生新物质来解释。,,2026-05-28T03:37:37.669000,2026-05-28T03:37:37.082000
27ea6a2d60514128912207248f0c8b86,23,science,1,你提到了“米饭”，请具体说说米饭在厨房里会发生哪种变化，并根据什么标准判断它是否产生新物质？,zhen熟,2026-05-28T03:37:36.368000,2026-05-28T03:37:37.531000
378dddfdf32d4ffebcb0a33fc218ade9,11,science,1,你判断米饭蒸熟是化学变化，请解释为什么这样判断，米蒸熟前后有什么变化？,化学变化,2026-05-28T03:37:38.940000,2026-05-28T03:37:39.088000
3ac3618bf69e4bce87ee86bdd7ab45ce,24,science,1,你说苹果变色是化学变化，那么你是如何判断它产生了新物质的？,颜色变化而不是指有da'x,2026-05-28T03:37:44.823000,2026-05-28T03:37:44.546000
8da7d5f43f8a4908939bf9dd7b09cdd2,13,science,2,你能举一个厨房里产生新物质的化学变化的例子吗？并解释你是如何判断有新物质产生的？,制作酸奶，过程中产生酵母菌，导致变酸,2026-05-28T03:37:45.393000,2026-05-28T03:37:45.551000
98fe8f9938f74c26b7971726ce9a6f08,36,science,2,你刚才说变香了，所以有新物质，那你能解释一下为什么变香就意味着产生了新物质吗？,是,2026-05-28T03:37:48.259000,2026-05-28T03:37:48.883000
2047034e88b246e88806e2591d5fe6c5,10,science,2,铁锈和原来的铁是同一种物质吗？,,2026-05-28T03:37:48.783000,2026-05-28T03:37:49.053000
4878391969fa4a15af19e670b116c97e,1,science,4,你刚才说“米饭煮s z”，请解释为什么你认为它是一个物理变化而没有产生新物质？,,2026-05-28T03:37:51.103000,2026-05-28T03:37:49.765000
3d3f6882a3d1435c8ca997257167b69c,2,science,1,你刚才说煎蛋是物理变化，请问你是根据什么现象或特征判断煎蛋没有产生新物质呢？,煎蛋的形态变了,2026-05-28T03:37:50.815000,2026-05-28T03:37:50.504000
0ea178d3b6224d72bbc0304efe490729,7,science,4,你提到苹果切开后变黄但味道一样，根据“是否产生新物质”的标准，你为什么还认为它是化学变化？请解释你的判断。,得到认同,2026-05-28T03:37:54.638000,2026-05-28T03:37:54.823000
3035001a22044d3980ea96fefc632153,27,science,2,你观察到的苹果除了被咬烂，还会发生颜色变化，这让你对它的变化类型有什么新的思考？,我在想如果他长期不食用苹果它产生的毛是什么变化？,2026-05-28T03:38:11.997000,2026-05-28T03:38:11.074000
7d9175e495e84ad19a4d45d0ceb0a2ae,16,science,2,你说用蒸的方法把盐变回来，为什么把盐水蒸干就能证明这个变化是物理变化呢？,因为没变,2026-05-28T03:38:11.079000,2026-05-28T03:38:11.235000
fea720bd8f784195833e62f0e5012be1,3,science,3,你刚才说水蒸气无色无味透明，那你能想一个办法，利用它的这些特点，把水蒸气变回液态水吗？请描述你的实验步骤。,把水蒸气收集进不透风的环境，收集多了就有,2026-05-28T03:38:16.784000,2026-05-28T03:38:17.723000
3ac3618bf69e4bce87ee86bdd7ab45ce,24,science,2,你说颜色变化说明产生了新物质，那么把红糖放进水里，水也变色了，这是化学变化吗？请解释为什么。,,2026-05-28T03:38:19.769000,2026-05-28T03:38:19.484000
cf841ef9b5f64e2ba14f4dbea86bc989,30,science,3,你提到煎蛋散发出香气，这些香气物质在生鸡蛋中原本存在吗？这如何支持‘产生了新物质’的结论？,不是因为鸡蛋发生了凝华,2026-05-28T03:38:23.336000,2026-05-28T03:38:22.697000
4b34a8574a494f938763d72e23fff15c,38,science,1,你提到鸡蛋熟了是化学变化，为什么说鸡蛋煮熟后产生了新物质？请具体说说看。,蛋白和蛋黄变色,2026-05-28T03:38:23,2026-05-28T03:38:22.871000
072eb362fa264e33bc4d1739c87b34ab,5,science,0,你提到化学变化产生新物质，物理变化没有，那么你能从厨房里找出一个物理变化和一个化学变化的例子，并用这个标准解释为什么这样分类吗？,比如化学变化有鸡蛋从神的变化成sh,2026-05-28T03:38:25.253000,2026-05-28T03:38:23.603000
1789e2e7fa1143e196a9a66052d8109f,25,science,2,你观察到橘子表面变绿、皮变软，但有时候水结冰硬度也会变，这两类变化有什么本质不同？为什么橘子发霉是产生了新物质？,因为水是放在一个温度很低的地方变硬 而橘子是变臭变sua,2026-05-28T03:38:25.604000,2026-05-28T03:38:24.221000
908f18c76f314927925205c655e6c36e,6,science,1,你刚才判断盐溶解是物理变化，因为没产生新物质。那么，你能再举一个厨房里没有产生新物质的例子吗？请解释为什么它也是物理变化。,蔬菜切块是物理变化，因为没有,2026-05-28T03:38:28.104000,2026-05-28T03:38:27.430000
378eb07ed3a1452c87dc59f269933407,17,science,2,请具体描述一下煎鸡蛋时蛋清从透明变白的过程，你观察到了哪些特征变化？这些变化为什么说明产生了新物质？,气味。xingtai的变化，,2026-05-28T03:38:34.769000,2026-05-28T03:38:33.899000
dc346054d2fa4731890bb7bdfdbf79f3,15,science,0,你能举出两个厨房里的物质变化，并用'是否产生新物质'来判断它们各属于哪类变化吗？,1把蔬菜切块物理变化2把米饭蒸shu,2026-05-28T03:38:40.513000,2026-05-28T03:38:36.411000
1789e2e7fa1143e196a9a66052d8109f,25,science,3,你说橘子发霉后变臭变酸，那除了闻气味和尝味道，我们还能用什么方法证明橘子真的产生了新物质？,,2026-05-28T03:38:45.333000,2026-05-28T03:38:43.932000
908f18c76f314927925205c655e6c36e,6,science,2,你刚才说蔬菜切块是物理变化，因为没有……请把理由说完整：切蔬菜为什么没有产生新物质呢？,,2026-05-28T03:38:45.328000,2026-05-28T03:38:44.642000
378dddfdf32d4ffebcb0a33fc218ade9,11,science,2,你为什么判断米饭蒸熟是化学变化？从是否产生新物质的角度说一说。,米饭蒸熟后有气味,2026-05-28T03:38:46.869000,2026-05-28T03:38:47.020000
bb34f27a16f34e7caa55b9448ed2cd75,37,science,4,如果米煮熟后的香味只是米本身含有的物质在加热时散发出来，那这能说明产生了新物质吗？为什么？,能，因为大部分化学变化是产生了发热，有气味的现象，米饭正如此,2026-05-28T03:38:49.372000,2026-05-28T03:38:50.056000
072eb362fa264e33bc4d1739c87b34ab,5,science,1,你提到了鸡蛋从“神”的变化成“sh”，老师不太确定你想说的是不是“生的变成熟的”？请你完整地说一说鸡蛋煮熟的过程是否符合产生新物质的标准，为什么？,,2026-05-28T03:38:55.405000,2026-05-28T03:38:53.740000
9a0fa8235d0f42789d47f1bde4a7839c,18,science,0,你在厨房里观察过哪些物理变化和化学变化？请分别举一个例子，并解释你是用什么标准来区分的。,冰块融化，苹果变质，我是通过大小形态，气味颜色区分的,2026-05-28T03:38:54.913000,2026-05-28T03:38:55.214000
27ea6a2d60514128912207248f0c8b86,23,science,2,你提到‘蒸熟’，请解释你是如何根据米饭蒸熟前后的特征来判断它是否产生了新物质？,有,2026-05-28T03:39:04.665000,2026-05-28T03:39:05.824000
794b64a225d049ddb3bf8c8b1b640b71,29,science,2,苹果切开变色后，你认为有没有产生新的物质？请结合你见过的现象解释一下你的判断。,不 因为苹果变色是氧化,2026-05-28T03:39:11.743000,2026-05-28T03:39:11.900000
378eb07ed3a1452c87dc59f269933407,17,science,3,从蛋清的颜色、状态和气味的变化，你是如何推断出煎鸡蛋产生了新物质的？,,2026-05-28T03:39:14.808000,2026-05-28T03:39:13.923000
98fe8f9938f74c26b7971726ce9a6f08,36,science,3,你刚才回答“是”，能具体说说食物变香时，是什么发生了改变，让你认为产生了新物质吗？,是菜中的分子,2026-05-28T03:39:15.124000,2026-05-28T03:39:16.017000
dc346054d2fa4731890bb7bdfdbf79f3,15,science,1,对于你说的“把米饭蒸shu”，你能用“是否产生新物质”来判断它属于哪类变化吗？,,2026-05-28T03:39:21.198000,2026-05-28T03:39:17.084000
8c3b40c3f95c4d71bc54b49f8e50cfa2,8,science,0,你能分别举出一个厨房里的物理变化和化学变化的例子，并说说为什么这么分类吗？,素菜切片,2026-05-28T03:39:21.108000,2026-05-28T03:39:21.262000
9e13154a719b4568a7545db96ae41399,21,science,0,你说化学变化会变色，那柠檬水让碘伏变色属于化学变化吗？请解释你的判断依据。,属于。因为它变色了,2026-05-28T03:39:37.803000,2026-05-28T03:39:38.041000
aac7373560cc43d2823294b10143fff9,20,science,4,你提到冰从固体变成液体，在这个过程中，有新的物质产生吗？请根据这个标准判断它是物理变化还是化学变化。,有       物理变化,2026-05-28T03:39:40.409000,2026-05-28T03:39:40.584000
2047034e88b246e88806e2591d5fe6c5,10,science,3,铁锈和铁是同一种物质吗？请结合你提到的“氧化”解释你的理由。,铁锈是铁氧化后的产物,2026-05-28T03:39:50.163000,2026-05-28T03:39:50.437000
2bf6e45de03b49ce9a0f5a7667dd26df,47,science,2,你上次说“物质没有改变只是”，请把这句话说完，并说说你怎么证明水变成水蒸气后没有变成新物质？,水只是改变了形态，由水蒸发成为,2026-05-28T03:39:53.466000,2026-05-28T03:39:53.366000
3035001a22044d3980ea96fefc632153,27,science,3,你刚才提到苹果长期放着长出的毛，你认为这种变化是物理变化还是化学变化？请用是否产生新物质的标准解释你的判断。,我认为是物理变化 因为它外表发生了变化,2026-05-28T03:39:56.894000,2026-05-28T03:39:55.974000
e035177fe64b41ea8e68e43d85e696c6,12,science,0,你提到物理变化与化学变化，请举一个厨房里发生的例子，并说说你是怎么判断它有没有产生新物质的。,素菜切块w,2026-05-28T03:40:01.502000,2026-05-28T03:40:00.932000
8da7d5f43f8a4908939bf9dd7b09cdd2,13,science,3,你提到制作酸奶会‘产生酵母菌’，但酵母菌是一种微生物，酸奶变酸真的是因为产生了新的微生物吗？请从‘是否产生新物质’的角度，再解释一下牛奶变成酸奶的过程，并说明你观察到了什么现象让你认为有新物质生成。,牛奶变酸，质地变化，正是因为新物质,2026-05-28T03:40:05.434000,2026-05-28T03:40:05.598000
7d9175e495e84ad19a4d45d0ceb0a2ae,16,science,3,你刚说“没变”，那盐在水里溶解前后，盐本身的性质（比如咸味、颗粒形状）有没有发生变化？你是怎么判断的？,没有因为没有将盐经过变化,2026-05-28T03:40:06.104000,2026-05-28T03:40:06.261000
378dddfdf32d4ffebcb0a33fc218ade9,11,science,3,你说米饭蒸熟后有气味，但有气味能证明产生了新物质吗？请解释为什么。,能，因为它被蒸了,2026-05-28T03:40:06.524000,2026-05-28T03:40:06.680000
794b64a225d049ddb3bf8c8b1b640b71,29,science,3,你回答“不”，但又提到“苹果变色是氧化”，那么你能不能解释一下：氧化这个过程会不会产生新的物质呢？,会,2026-05-28T03:40:07.696000,2026-05-28T03:40:07.846000
e035177fe64b41ea8e68e43d85e696c6,12,science,1,你提到“蔬菜切块”，请说说你怎么确定切菜前后没有产生新物质？,,2026-05-28T03:40:15.695000,2026-05-28T03:40:15.121000
2bf6e45de03b49ce9a0f5a7667dd26df,47,science,3,水蒸发成为水蒸气，形态改变了，但你怎么能证明它还是原来的水，而没有产生新物质呢？请根据生活经验或设计一个小实验来说明。,,2026-05-28T03:40:18.591000,2026-05-28T03:40:18.479000
cf841ef9b5f64e2ba14f4dbea86bc989,30,science,4,你提到煎蛋散发香气不是因为凝华，那香气到底是怎么产生的？请用‘是否产生新物质’来解释它为什么能证明是化学变化。,因为那些变化只改变了物质的大小形态,2026-05-28T03:40:26.312000,2026-05-28T03:40:25.682000
908f18c76f314927925205c655e6c36e,6,science,3,你刚才举例切蔬菜是物理变化，但没有说完理由。请再解释一下：为什么切蔬菜没有产生新物质呢？,因为气味，外形等都没有变化,2026-05-28T03:40:27.575000,2026-05-28T03:40:26.904000
87fbadd962794d608111579898b0b16a,40,science,2,你说气味、颜色变化就是化学变化，那在煮米饭的过程中，气味和颜色是怎么变的？这些变化说明了产生了什么新物质？,不知是气味和颜色变化，有的是气味和形态变化，比如说米饭，就是形态变化,2026-05-28T03:40:27.543000,2026-05-28T03:40:27.353000
27ea6a2d60514128912207248f0c8b86,23,science,3,你回答‘有’，能具体说说米饭蒸熟前和蒸熟后，有哪些不同的特征让你觉得产生了新物质吗？,微生物,2026-05-28T03:40:27.297000,2026-05-28T03:40:28.471000
fea720bd8f784195833e62f0e5012be1,3,science,4,你刚才说把水蒸气收集起来会变回液态水，那这个从水蒸气再变回液态水的过程，是物理变化还是化学变化？请用是否产生新物质来解释。,没产生xing'wu'zh,2026-05-28T03:40:37.966000,2026-05-28T03:40:38.913000
9a0fa8235d0f42789d47f1bde4a7839c,18,science,1,你提到用大小形态、气味颜色来区分苹果变质和冰块融化，依据这些特征，你能判断出哪种变化产生了新物质吗？为什么？,时间的变化,2026-05-28T03:40:40.960000,2026-05-28T03:40:40.258000
98fe8f9938f74c26b7971726ce9a6f08,36,science,4,你提到菜中的分子，加热时这些分子发生了什么变化，让你觉得产生了新物质？,发生了蓬大,2026-05-28T03:40:41.388000,2026-05-28T03:40:42.033000
3ac3618bf69e4bce87ee86bdd7ab45ce,24,science,3,你之前未回答红糖水变色的问题，现在请用‘是否产生新物质’来判断红糖水变色是不是化学变化，并解释理由。,,2026-05-28T03:40:48.903000,2026-05-28T03:40:48.638000
794b64a225d049ddb3bf8c8b1b640b71,29,science,4,你刚才承认氧化会产生新物质，那苹果切开变色属于氧化，它有没有产生新物质呢？请解释你的判断依据。,产生了,2026-05-28T03:40:53.592000,2026-05-28T03:40:53.746000
4b34a8574a494f938763d72e23fff15c,38,science,2,除了变色，生鸡蛋和熟鸡蛋在黏稠度、硬度等方面还有哪些不同？这些不同如何帮助判断产生了新物质？,熟鸡蛋比生鸡蛋ying,2026-05-28T03:40:54.341000,2026-05-28T03:40:54.222000
3035001a22044d3980ea96fefc632153,27,science,4,你刚才说苹果长毛是物理变化，因为外表变化。但请你想一想，长出的毛是新物质吗？用是否产生新物质的标准再判断一次，并解释理由。,我觉得是 所以是化学变化,2026-05-28T03:41:00.661000,2026-05-28T03:40:59.736000
378eb07ed3a1452c87dc59f269933407,17,science,4,上一轮你提到蛋清的气味和形态变化，请结合‘产生新物质’的标准，解释为什么这些变化说明煎鸡蛋是化学变化？,气味变化,2026-05-28T03:41:01.095000,2026-05-28T03:41:00.225000
87fbadd962794d608111579898b0b16a,40,science,3,你之前说颜色气味变化是化学变化，但煮米饭时米饭的颜色和气味也变了，你为什么还说它是形态变化？,,2026-05-28T03:41:00.600000,2026-05-28T03:41:00.400000
072eb362fa264e33bc4d1739c87b34ab,5,science,2,你上次说鸡蛋从生的变成熟的，请你现在完整地解释一下：鸡蛋煮熟后有没有产生新物质？为什么？,产生了因为他产生了气味,2026-05-28T03:41:06.468000,2026-05-28T03:41:04.822000
3ac3618bf69e4bce87ee86bdd7ab45ce,24,science,4,之前你说苹果变色是因为颜色变化说明产生了新物质，那么红糖放进水里水也变色了，它属于化学变化吗？请用‘是否产生新物质’来判断并解释。,,2026-05-28T03:41:14.187000,2026-05-28T03:41:13.913000
8c3b40c3f95c4d71bc54b49f8e50cfa2,8,science,1,你提到“素菜切片”是物理变化，但为什么切菜没有产生新物质呢？请用你学过的知识解释一下。,因为没产生新物质,2026-05-28T03:41:19.188000,2026-05-28T03:41:19.348000
072eb362fa264e33bc4d1739c87b34ab,5,science,3,你说鸡蛋煮熟产生了气味，所以觉得产生了新物质。但气味也可能是鸡蛋里原来的物质受热挥发出来的。你怎么判断这个气味是煮的过程里新生成的物质，而不是原来就有的呢？,,2026-05-28T03:41:22.907000,2026-05-28T03:41:21.249000
9a0fa8235d0f42789d47f1bde4a7839c,18,science,2,你刚才提到用'时间的变化'来判断是否产生新物质，那么在苹果变质这个过程中，时间具体带来了什么改变让你觉得有新物质生成？,改变了物品的大小形态气味颜色,2026-05-28T03:41:38.960000,2026-05-28T03:41:38.252000
dc346054d2fa4731890bb7bdfdbf79f3,15,science,2,上一轮我问你“把米饭蒸熟”属于哪类变化，你没有回答。现在请根据生米变成熟米饭的过程，判断是否产生了新物质，并说明你的理由。,能ying'wai'chan'sheng,2026-05-28T03:41:42.807000,2026-05-28T03:41:38.715000
7d9175e495e84ad19a4d45d0ceb0a2ae,16,science,4,你说盐没变，那你把盐水蒸干后得到的盐，尝起来还和原来一样咸吗？你怎么确认咸味没有减少？,因为一直以来盐的质量没变,2026-05-28T03:41:44.495000,2026-05-28T03:41:44.658000
378dddfdf32d4ffebcb0a33fc218ade9,11,science,4,你说'因为它被蒸了'，但加热一定会产生新物质吗？为什么？,不会，因为土就不会,2026-05-28T03:41:44.653000,2026-05-28T03:41:44.821000
4b34a8574a494f938763d72e23fff15c,38,science,3,你说熟鸡蛋变硬了，但水冻成冰也会变硬，为什么水结冰不是化学变化而煮鸡蛋却是？,,2026-05-28T03:41:47.484000,2026-05-28T03:41:47.352000
9e13154a719b4568a7545db96ae41399,21,science,1,你说因为变色所以是化学变化，但物理变化也能变色，比如把墨水滴进水里。你怎么确认柠檬水让碘伏变色时产生了新物质呢？,因为这种变化产生了新物质,2026-05-28T03:41:47.314000,2026-05-28T03:41:47.569000
8f72d667a57644c9987d553aecf602c0,34,science,0,你在厨房里见过哪些物质变化？请举一个产生了新物质和一个没有产生新物质的例子，并说说这样分类的理由。,冰箱将,2026-05-28T03:41:55.166000,2026-05-28T03:41:55.976000
e035177fe64b41ea8e68e43d85e696c6,12,science,2,蔬菜切块后，它的颜色、气味、味道这些特征和切之前一样吗？这些特征没有改变能说明什么问题？,一样,2026-05-28T03:41:56.879000,2026-05-28T03:41:56.320000
27ea6a2d60514128912207248f0c8b86,23,science,4,你提到微生物，但按照“是否产生新物质”这个标准，你觉得米饭蒸熟后产生了新物质吗？请解释理由。,没,2026-05-28T03:41:59.656000,2026-05-28T03:42:00.833000
dc346054d2fa4731890bb7bdfdbf79f3,15,science,3,你刚才认为把米饭蒸熟产生了新物质，请问你是从哪些特征变化看出来的？,,2026-05-28T03:42:06.676000,2026-05-28T03:42:02.572000
8f72d667a57644c9987d553aecf602c0,34,science,1,你刚才说“冰箱将”，具体是指什么变化？请完整说出一个产生新物质和一个没有产生新物质的例子，并解释分类理由。,,2026-05-28T03:42:10.683000,2026-05-28T03:42:11.481000
8da7d5f43f8a4908939bf9dd7b09cdd2,13,science,4,你提到酸奶制作让牛奶变酸、质地变化，而冰块融化只改变了形体。那从“变化后是否还是原来的物质”这个角度看，酸奶和融化后的水有什么本质区别？,谁可以冰冻重新变成冰，酸奶变不回去，因为产生新物质,2026-05-28T03:42:18.970000,2026-05-28T03:42:19.141000
0963a4db23cc465c920b5755498b4014,45,science,0,你在厨房里见过哪些物质变化？请举出一个物理变化和一个化学变化的例子，并说说你是怎么判断它们有没有产生新物质的。,和面时，没有新物质,2026-05-28T03:42:23.936000,2026-05-28T03:42:23.293000
3d3f6882a3d1435c8ca997257167b69c,2,science,1,你提到煎蛋的形态变了，比如从液态变成固态，那么在这个过程中有没有产生新的物质呢？请解释理由。,有,2026-05-28T03:42:27.728000,2026-05-28T03:42:27.441000
908f18c76f314927925205c655e6c36e,6,science,3,你刚才说切蔬菜后“外形等都没有变化”，但切成块后外形真的没变吗？请重新描述切蔬菜前后的变化，并解释为什么它仍然是物理变化。,气味，颜色没有变化,2026-05-28T03:42:29.775000,2026-05-28T03:42:29.111000
e5519bbaaf8343cf99fdcce2e0bda1b1,25,science,0,你能举一个厨房里发生的化学变化的例子，并说说为什么它是化学变化吗？,橘子发霉,2026-05-28T03:42:49.584000,2026-05-28T03:42:48.194000
2bf6e45de03b49ce9a0f5a7667dd26df,47,science,4,如果我们将水蒸气冷却收集，你预测会出现什么现象，这能说明水蒸气并没有变成新物质吗？,水蒸气冷却收集会成为水，不改变物质，z'g,2026-05-28T03:42:49.213000,2026-05-28T03:42:49.122000
3d3f6882a3d1435c8ca997257167b69c,2,science,2,你说煎蛋过程中产生了新物质，请解释你观察到什么现象让你判断有新物质产生？,蛋白,2026-05-28T03:42:59.183000,2026-05-28T03:42:58.889000
9e13154a719b4568a7545db96ae41399,21,science,2,你提到产生了新物质，能具体说说你是根据什么现象判断出来的吗？,因为它的颜色变透明了,2026-05-28T03:42:59.635000,2026-05-28T03:42:59.884000
d9a5318be9f44934a93cc16b37800223,41,science,0,你提到厨房里有各种食物和用具这些物质，那这些物质在厨房里会发生变化吗？请举一个你见过的例子，并判断它有没有产生新物质。,有一些物质会发生变化   比如米饭,2026-05-28T03:43:07.096000,2026-05-28T03:43:07.404000
8c3b40c3f95c4d71bc54b49f8e50cfa2,8,science,2,你刚才说切菜没产生新物质，那你能描述一下切菜前后，比如土豆被切成片后，它的颜色、气味、味道这些特征变了吗？,没有变,2026-05-28T03:43:17.348000,2026-05-28T03:43:17.512000
e5519bbaaf8343cf99fdcce2e0bda1b1,25,science,1,橘子发霉后，哪些现象让你觉得产生了新物质？,皮发软 表面发白发绿,2026-05-28T03:43:46.664000,2026-05-28T03:43:45.278000
072eb362fa264e33bc4d1739c87b34ab,5,science,4,你还没回答气味是原有的还是新生成的，那换个角度想一想：除了气味，鸡蛋煮熟前后还有什么明显的变化？这些变化能不能说明产生了新物质？,比如它产生了发热和蛋白从变白,2026-05-28T03:43:48.359000,2026-05-28T03:43:46.723000
9a0fa8235d0f42789d47f1bde4a7839c,18,science,3,你说苹果变质改变了气味和颜色，那么这些变化能证明产生了新物质吗？为什么？,能，因为他和以前不一样了，他的颜色变了，他的气味变了，jiushiyi,2026-05-28T03:43:58.097000,2026-05-28T03:43:57.407000
4b34a8574a494f938763d72e23fff15c,38,science,4,为什么水结冰是物理变化，而煮鸡蛋是化学变化？,因为产生了新物质,2026-05-28T03:44:08.792000,2026-05-28T03:44:08.680000
e035177fe64b41ea8e68e43d85e696c6,12,science,3,你观察到蔬菜切块后颜色、气味、味道都没有变，那你能解释一下为什么这些特征不变就说明没有产生新物质吗？,,2026-05-28T03:44:16.895000,2026-05-28T03:44:16.346000
3e421096410f4e7cb892aa18c19d15de,32,science,0,你提到“米饭经过蒸熟才会变成饭”，你觉得这个变化过程中有新的物质产生吗？为什么？,没有因为它是它是物理变化,2026-05-28T03:44:18,2026-05-28T03:44:18.216000
8c3b40c3f95c4d71bc54b49f8e50cfa2,8,science,3,既然切菜没有产生新物质，那你能想出一个厨房里确实产生了新物质的变化例子，并说说你观察到什么现象让你觉得产生了新物质吗？,煎蛋,2026-05-28T03:44:19.596000,2026-05-28T03:44:19.756000
8f72d667a57644c9987d553aecf602c0,34,science,2,你刚才说“冰箱将”，是指冰箱里的什么物质变化？请具体描述并说明它是否产生了新物质。,sui,2026-05-28T03:44:34.006000,2026-05-28T03:44:34.823000
e035177fe64b41ea8e68e43d85e696c6,12,science,4,你说蔬菜切块后颜色、气味、味道都没变，如果切菜产生了新物质，可能会让颜色、气味或味道发生怎样的变化？请试着用厨房里的另一个例子来说明。,,2026-05-28T03:44:36.241000,2026-05-28T03:44:35.682000
3d3f6882a3d1435c8ca997257167b69c,2,science,3,你提到蛋白，但蛋白是煎蛋过程中产生的新物质吗？请解释为什么你觉得蛋白是新物质。,蛋青变蛋白,2026-05-28T03:44:50.440000,2026-05-28T03:44:50.161000
dc346054d2fa4731890bb7bdfdbf79f3,15,science,3,你说把米饭蒸熟产生了新物质，请你描述一下生米和熟米饭在颜色、硬度、气味等方面有什么不同，并解释这些不同为什么能说明产生了新物质。,,2026-05-28T03:44:55.343000,2026-05-28T03:44:51.262000
8f72d667a57644c9987d553aecf602c0,34,science,3,你刚才说“sui”，是指什么具体变化？请描述这个变化的完整过程，并说明它是否产生了新物质。,,2026-05-28T03:44:51.351000,2026-05-28T03:44:52.163000
0963a4db23cc465c920b5755498b4014,45,science,1,你提到和面没有新物质，那请具体描述一下和面过程中面粉和水发生了什么变化，并解释为什么你认为没有新物质产生？,只有形态发生变化,2026-05-28T03:44:58.816000,2026-05-28T03:44:58.200000
e5519bbaaf8343cf99fdcce2e0bda1b1,25,science,2,根据你观察到的橘子发霉后表面发白发绿的现象，你觉得这些发白发绿的物质是橘子原来就有的吗？为什么？,不是 因为本来是橙色的,2026-05-28T03:45:06.664000,2026-05-28T03:45:05.283000
d9a5318be9f44934a93cc16b37800223,41,science,1,你提到米饭，米饭在厨房里会发生什么样的变化呢？请具体描述一种变化，并判断有没有产生新物质。,本来是硬的  煮了后会变成软的  这是化学变化,2026-05-28T03:45:08.064000,2026-05-28T03:45:08.382000
9e13154a719b4568a7545db96ae41399,21,science,3,你说柠檬水让碘伏变色后颜色变透明，所以产生了新物质。但盐溶解在水中也会变成透明的盐水，这却是物理变化。请解释这两种“变透明”有什么不同？,因为演变成盐水，盐只是发生了形态,2026-05-28T03:45:39.627000,2026-05-28T03:45:39.900000
8c3b40c3f95c4d71bc54b49f8e50cfa2,8,science,4,你提到煎蛋是化学变化，请描述一下煎蛋前后鸡蛋的颜色、气味或状态发生了什么变化，这些变化怎样表明产生了新物质？,气味更香颜色更黄,2026-05-28T03:45:41.604000,2026-05-28T03:45:41.778000
d9a5318be9f44934a93cc16b37800223,41,science,2,你判断煮米饭是化学变化，是因为产生了新物质。那你能说说具体产生了什么新物质吗？,不知道,2026-05-28T03:46:02.225000,2026-05-28T03:46:02.536000
e5519bbaaf8343cf99fdcce2e0bda1b1,25,science,3,橘子发霉时，除了颜色从橙色变成白绿色，你还能观察到哪些现象（比如气味、手感）能证明产生了新物质？,变酸发臭,2026-05-28T03:46:13.840000,2026-05-28T03:46:12.464000
3e421096410f4e7cb892aa18c19d15de,32,science,1,你认为米饭蒸熟是物理变化，那你能用“是否产生新物质”这个标准来解释一下你的判断吗？,因为在其中没有产生新物质,2026-05-28T03:46:15.232000,2026-05-28T03:46:15.457000
9e13154a719b4568a7545db96ae41399,21,science,4,你说盐溶解只是形态变化，那你有什么方法能证明碘伏变色不是形态变化，而是产生了新物质呢？,,2026-05-28T03:46:18.359000,2026-05-28T03:46:18.624000
9a0fa8235d0f42789d47f1bde4a7839c,18,science,3,苹果变了气味颜色你就说是新物质，冰块融化只变了形态你却没说它是新物质，那么，变化了外观到底能不能证明产生了新物质？,不能，只是变化外观，形态只能算作物理变化但是物理变化不会有新物质,2026-05-28T03:46:46.904000,2026-05-28T03:46:46.225000
8f72d667a57644c9987d553aecf602c0,34,science,4,你之前提到“冰箱将”，是想说冰箱里的水结冰吗？请解释这个变化是否产生了新物质。,没有,2026-05-28T03:46:52.918000,2026-05-28T03:46:53.744000
0963a4db23cc465c920b5755498b4014,45,science,2,既然你认为和面只是形态变化，没有新物质产生，那在厨房里，有没有哪种变化你认为是产生了新物质？请举一个例子，并说说你是怎么判断有新物质产生的。,煮饭，味道发生变化,2026-05-28T03:47:02.536000,2026-05-28T03:47:01.912000
e5519bbaaf8343cf99fdcce2e0bda1b1,25,science,4,橘子发霉变酸发臭说明产生了新物质。如果把一个完好的橘子切开，你觉得会产生新物质吗？为什么？,不会因为是新鲜的,2026-05-28T03:47:31.415000,2026-05-28T03:47:30.043000
3e421096410f4e7cb892aa18c19d15de,32,science,2,你刚才说米饭蒸熟没有产生新物质，那你能描述一下生米和熟饭在外观、硬度或气味上有什么不同吗？这些不同为什么不能说明有新物质产生？,有香气变软,2026-05-28T03:48:11.208000,2026-05-28T03:48:11.440000
d9a5318be9f44934a93cc16b37800223,41,science,3,你刚才说不知道煮米饭产生了什么新物质，那你凭什么判断它是化学变化呢？请根据“是否产生新物质”这个标准，重新思考煮米饭属于哪种变化，并解释你的理由。,他在煮了后会产生新的物质所以他是化学变h,2026-05-28T03:48:26.263000,2026-05-28T03:48:26.599000
0963a4db23cc465c920b5755498b4014,45,science,2,你提到煮饭时味道发生了变化，但有些物理变化（比如盐溶解在水里）也会改变味道。那么，除了味道变化，你还能用什么方法来判断煮饭时真的产生了新物质呢？,气味,2026-05-28T03:48:32.224000,2026-05-28T03:48:31.596000
d9a5318be9f44934a93cc16b37800223,41,science,4,你之前说煮米饭产生了新物质但说不清楚是什么，那你能比较一下煮米饭和苹果变色：苹果变色明显产生了新物质，煮米饭呢？请根据“是否产生新物质”解释煮米饭到底是化学变化还是物理变化。,,2026-05-28T03:48:45.275000,2026-05-28T03:48:45.598000
3e421096410f4e7cb892aa18c19d15de,32,science,3,你提到米饭蒸熟后有了香气，那如果没有产生新物质，香气是从哪里来的呢？,通过加热来的,2026-05-28T03:49:31.712000,2026-05-28T03:49:31.940000
0963a4db23cc465c920b5755498b4014,45,science,3,你提到煮饭时气味变化了。那么，煮熟的米饭还能变回生米的样子吗？这能说明煮饭产生了新物质吗？请解释。,不能，可以说明。因为变不回去,2026-05-28T03:50:16.576000,2026-05-28T03:50:15.963000
3e421096410f4e7cb892aa18c19d15de,32,science,3,你说香气通过加热来的，那这些香气物质是米里面本来就有的，还是加热后新产生的？,本来就有,2026-05-28T03:50:46.264000,2026-05-28T03:50:46.496000
72da6448895249779d71591c4d5177a7,15,science,0,请举一个厨房里发生的化学变化的例子，并说说为什么你认为它是化学变化？,米饭正好因为会又香气,2026-05-28T03:50:56.294000,2026-05-28T03:50:52.233000
72da6448895249779d71591c4d5177a7,15,science,1,你说米饭蒸好会有香气，那米饭蒸煮后产生了什么新物质？为什么这是化学变化？,产生了气味,2026-05-28T03:52:18.230000,2026-05-28T03:52:14.175000
72da6448895249779d71591c4d5177a7,15,science,2,你提到米饭蒸好会有香气，那这些香气物质是大米原本就有的吗？为什么产生新物质就能说明米饭蒸煮是化学变化？,本来没有,2026-05-28T03:53:04.839000,2026-05-28T03:53:00.778000
72da6448895249779d71591c4d5177a7,15,science,3,在你家厨房里，还有哪些变化会产生本来没有的物质？举一个例子并解释为什么它是化学变化。,面,2026-05-28T03:54:24.599000,2026-05-28T03:54:20.542000
72da6448895249779d71591c4d5177a7,15,science,4,你提到“面”，请以面团发酵为例，说说发酵前后面的特征有什么不同，为什么这是化学变化？,会变大,2026-05-28T03:55:10.958000,2026-05-28T03:55:06.904000
c69b13b6e76b46cc83150ac37904a49f,test,math,0,你在反思中写的“test”是什么意思？能结合《可爱的小猫》这节课的内容解释一下吗？,,2026-05-28T04:23:44.481000,2026-05-28T04:23:44.905000
c69b13b6e76b46cc83150ac37904a49f,test,math,1,请你结合《可爱的小猫》这节课的内容，解释一下你反思中写的“test”是什么意思。,,2026-05-28T04:24:05.482000,2026-05-28T04:24:05.637000
c7c507feccbb4ab6973e7cb0f2a152db,1,english,0,你以前学过关于旅行或者假期的英语单词或句子吗？请试着说出几个你还记得的。,没有,2026-05-28T04:46:59.153000,2026-05-28T04:46:58.527000
ae95b87f579c4ea6b26c6ba71af95969,32,english,0,请用英语说说你的暑假计划。,go to Sanya,2026-05-28T04:47:15.410000,2026-05-28T04:47:15.458000
9854c2a6fc644dbbbdbe5c325c703abf,19,english,0,请用英语告诉我你的暑假计划？,I will play video game.,2026-05-28T04:47:34.275000,2026-05-28T04:47:34.247000
b0a2fdefecbb46a28c03030158f00761,34,english,0,你学会了制定出游计划，那你能用英语描述一下你最喜欢的暑假旅行计划吗？,I am going to Sanya,2026-05-28T04:47:34.737000,2026-05-28T04:47:35.135000
d19050da13884c4e983cc4e04143225e,37,english,0,你能用英语介绍一下你今年暑假打算做什么吗？请用英语回答。,I am going to Chengdu and do homework.,2026-05-28T04:47:35.823000,2026-05-28T04:47:36.269000
42f9952fc79f4440ab59c14a79b522f1,21,english,0,你打算这个暑假去哪里旅行？请用英语回答。,没有去认和地方,2026-05-28T04:47:38.604000,2026-05-28T04:47:39.067000
c7c507feccbb4ab6973e7cb0f2a152db,1,english,1,虽然你刚才说没有，但你能努力回想一下，试着说出一个和假期或旅行有关的英语单词吗？,无,2026-05-28T04:47:40.785000,2026-05-28T04:47:40.162000
7fe5339e4c674e26992154999bba7d3c,39,english,0,你暑假打算怎样度过？请用英语回答。,at home,2026-05-28T04:47:42.302000,2026-05-28T04:47:43.496000
6868054e9508442ab0ab9e5d9a251795,14,english,0,根据你的反思，你想更精确表达暑假出行方式。你能用英语详细说说你今年暑假打算怎么去旅行吗？请用英语回答。,sanya,2026-05-28T04:47:56.517000,2026-05-28T04:47:56.932000
3133d8c719844aeca1163c4884fabd76,12,english,0,What is your favorite transportation for summer vacation and why? Please answer in English.,car is fast,2026-05-28T04:48:03.587000,2026-05-28T04:48:04.002000
fc0100d2abc44e08b76aadbe60841285,45,english,0,你如何规划你今年的暑假？请用英语回答。,l am going to chengdu,2026-05-28T04:48:19.666000,2026-05-28T04:48:19.404000
f89060d69bc44a1dac718052a453f563,35,english,0,你学会了表达自己的暑假，请用英语说说你今年的暑假计划吧。,play,2026-05-28T04:48:21.976000,2026-05-28T04:48:22.047000
e97d3b40cd754c6e9a46c5bad565c176,40,english,0,请用英语告诉我，你暑假将怎样去旅行？,i go to Sanya by plane,2026-05-28T04:48:22.129000,2026-05-28T04:48:22.802000
ae95b87f579c4ea6b26c6ba71af95969,32,english,1,How will you go to Sanya? Please answer in English.,By plane,2026-05-28T04:48:23.739000,2026-05-28T04:48:23.792000
27cf2a6470434fe5aec1c86483489494,4,english,0,请用英语说说你今年暑假的计划，比如你想去哪里、怎么去。,Go  to san ya by  palm,2026-05-28T04:48:23.525000,2026-05-28T04:48:24.944000
956ad22ebecc4608820de5366b14e862,29,english,0,What are your plans for the summer vacation? Please answer in English.,Going  to sanya,2026-05-28T04:48:25.818000,2026-05-28T04:48:26.215000
67622f62b687473e83e33fd25820aef9,31,english,0,请用英语描述你的暑假旅行计划，包括目的地和交通方式，并解释为什么选择该方式。,chengdu。By car.,2026-05-28T04:48:25.642000,2026-05-28T04:48:26.695000
5f796129486745f0ae4fb7d2ae883317,5,english,0,暑假快到了，如果你能去一个地方旅行，请用英语说说你打算怎么去，以及为什么选择这种交通方式。,wfiphd,2026-05-28T04:48:27.143000,2026-05-28T04:48:27.281000
62a11d29ca0d47ffafdbb9a90d72421c,3,english,0,你去年暑假乘坐什么交通工具去旅行的？请用英语回答。,By plane.,2026-05-28T04:48:26.489000,2026-05-28T04:48:27.386000
02fdd78d8085472393f1ccf3ee5b6803,22,english,0,你能用英语说说你去年暑假做过的一件事吗？请用英语回答。,going  to  HongKong,2026-05-28T04:48:32.569000,2026-05-28T04:48:33.036000
42f9952fc79f4440ab59c14a79b522f1,21,english,1,请用英语解释为什么你这个暑假不出去旅行。（Please explain in English why you won't go traveling this summer vacation.）,不知道,2026-05-28T04:48:33.131000,2026-05-28T04:48:33.598000
b081ffa990ee4ca5ac52cfe72a49afe9,42,english,0,你计划今年暑假去哪里旅行？请用英语告诉我们你打算做什么。,I going to Dhengdu.,2026-05-28T04:48:34.974000,2026-05-28T04:48:35.383000
ef59b4976e504383bad0090e43c10567,43,english,0,既然你学到了如何用英语表达暑假计划，请用英语告诉我你的暑假旅行计划，包括你要去哪里、怎么去和做什么。,"I am going to sanya with my mom,and I also eat seafood.",2026-05-28T04:48:35.616000,2026-05-28T04:48:36.038000
d19050da13884c4e983cc4e04143225e,37,english,1,You said you are going to Chengdu. Who are you going with? Please answer in English.,I am going to Chengdu with my family.,2026-05-28T04:48:41.807000,2026-05-28T04:48:42.257000
b0a2fdefecbb46a28c03030158f00761,34,english,1,你能用英语详细说说你的三亚旅行计划吗？请用英语回答。,Play,2026-05-28T04:48:44.290000,2026-05-28T04:48:44.692000
a8d8d36c78f24e00bdc8e8cc9b11dd47,41,english,0,你刚才提到学了描述交通工具和暑假，请用英语说说你上一个暑假怎么去旅行的？,going to chong qing by car.,2026-05-28T04:48:48.758000,2026-05-28T04:48:46.271000
c7c507feccbb4ab6973e7cb0f2a152db,1,english,2,你能解释一下，为什么你觉得自己一个和假期或旅行有关的英语单词都记不起来吗？是忘记了发音，还是不清楚对应的英文表达？,yes,2026-05-28T04:48:47.265000,2026-05-28T04:48:46.645000
9e300a5189f84394addb94d88f40372d,30,english,0,你的暑假计划是什么？请用英语回答。,Play,2026-05-28T04:48:55.406000,2026-05-28T04:48:55.084000
fc0100d2abc44e08b76aadbe60841285,45,english,1,你打算在成都做什么？请用英语回答。,eat hot bot,2026-05-28T04:48:58.131000,2026-05-28T04:48:57.862000
949be937cc224ab38566ae731cc89d1f,44,english,0,暑假快到了，请用英语说说你的出行计划。（请用英语回答）,I am going to Aomeng,2026-05-28T04:49:01.042000,2026-05-28T04:49:01.941000
67622f62b687473e83e33fd25820aef9,31,english,1,你选择自驾去成都的原因是什么？请用英语解释。,Play.,2026-05-28T04:49:08.275000,2026-05-28T04:49:09.321000
62a11d29ca0d47ffafdbb9a90d72421c,3,english,1,你去年暑假坐飞机去了哪里？请用英语回答。,Sanya.,2026-05-28T04:49:08.977000,2026-05-28T04:49:09.867000
ae95b87f579c4ea6b26c6ba71af95969,32,english,2,请用英语说说你到了三亚后会做什么？,Eat seafood,2026-05-28T04:49:11.770000,2026-05-28T04:49:11.826000
1b7de98dae1e4de9bc38f41777c7b05a,17,english,0,请用英语说说你的暑假计划吧。,I will play game.,2026-05-28T04:49:12.634000,2026-05-28T04:49:12.764000
33459e83b5894addbb98416146f36bbc,28,english,0,你说你学会了如何讲述自己的暑假。请用英语详细描述一下你最近的一个暑假经历。,My last summervaction I went to Beijing .I ate Beijing duck.,2026-05-28T04:49:13.562000,2026-05-28T04:49:13.687000
f4d8175fbab94ddc8b601c36c80b7e68,26,english,0,请用英语告诉我，你今年暑假打算去哪里旅行？为什么选择那里？,I  am  going   to   the  USA,2026-05-28T04:49:15.434000,2026-05-28T04:49:15.072000
e97d3b40cd754c6e9a46c5bad565c176,40,english,1,你什么时候去三亚？请用英语回答。,on summer vacation,2026-05-28T04:49:15.177000,2026-05-28T04:49:15.844000
d19050da13884c4e983cc4e04143225e,37,english,2,How are you going to Chengdu? Please answer in English.,By train.,2026-05-28T04:49:18.679000,2026-05-28T04:49:19.132000
27cf2a6470434fe5aec1c86483489494,4,english,1,你能用英语解释'palm'是什么意思，并完整描述你的暑假旅行计划吗？,玩,2026-05-28T04:49:22.230000,2026-05-28T04:49:23.643000
63ec15dbd470458a825459b7349cc05f,13,english,0,请用英语回答：What did you do last summer vacation?,I   did  homewor,2026-05-28T04:49:23.436000,2026-05-28T04:49:23.987000
9854c2a6fc644dbbbdbe5c325c703abf,19,english,1,你暑假打算去哪里旅行，怎么去呢？,I will go to ZiGong by car.,2026-05-28T04:49:29.627000,2026-05-28T04:49:29.615000
f44d04aef8124e9ca390c75c5262fefd,25,english,0,请用英语说说你今年暑假打算做什么，请至少提到一种交通方式和计划去的一个地方。,l am,2026-05-28T04:49:33.559000,2026-05-28T04:49:34.120000
b081ffa990ee4ca5ac52cfe72a49afe9,42,english,1,What are you going to do in Chengdu? Please answer in English.,eat hot pot,2026-05-28T04:49:37.037000,2026-05-28T04:49:37.440000
57588b13f0c148d4b2042c7fec2744cb,36,english,0,你计划在暑假乘坐什么交通工具去旅行？请用英语解释为什么选择它。,no,2026-05-28T04:49:38.222000,2026-05-28T04:49:37.954000
f4d8175fbab94ddc8b601c36c80b7e68,26,english,1,请用英语说说你打算怎么去美国？,,2026-05-28T04:49:40.291000,2026-05-28T04:49:39.919000
956ad22ebecc4608820de5366b14e862,29,english,1,You said you are going to Sanya. How will you go there? Please answer in English.,by plane,2026-05-28T04:49:41.570000,2026-05-28T04:49:41.962000
3133d8c719844aeca1163c4884fabd76,12,english,1,"Besides speed, what else do you like about travelling by car? Please answer in English.",fast,2026-05-28T04:49:43.251000,2026-05-28T04:49:43.672000
387720a450f2473cbc3b088cc58dcca1,8,english,0,你提到学习如何制作暑假计划，能用英语说说你为自己做的暑假计划吗？,I will go to Sanya,2026-05-28T04:49:46.096000,2026-05-28T04:49:45.039000
02fdd78d8085472393f1ccf3ee5b6803,22,english,1,你刚才的回答是'going to HongKong'，但这是不完整的。你能用正确的过去式用英语完整地说出你去年暑假做了什么吗？请用英语回答。,went to Hong Kong,2026-05-28T04:49:45.170000,2026-05-28T04:49:45.642000
5f796129486745f0ae4fb7d2ae883317,5,english,1,你回答的'wfiphd'好像不是英语单词。你能重新用英语说说你想去哪里，打算怎么去吗？,wfiphb,2026-05-28T04:49:50.927000,2026-05-28T04:49:51.073000
ef59b4976e504383bad0090e43c10567,43,english,1,How will you go to Sanya?,By car,2026-05-28T04:49:51.112000,2026-05-28T04:49:51.530000
fc0100d2abc44e08b76aadbe60841285,45,english,2,请用英语告诉我，成都的火锅有什么特别之处？,it is very delicious.,2026-05-28T04:49:52.739000,2026-05-28T04:49:52.472000
63ec15dbd470458a825459b7349cc05f,13,english,1,你在暑假是在哪里做作业的？请用英语回答。,,2026-05-28T04:49:52.604000,2026-05-28T04:49:53.146000
c7c507feccbb4ab6973e7cb0f2a152db,1,english,3,你刚才说‘yes’，能具体解释一下你为什么记不起假期或旅行的英语单词吗？,no,2026-05-28T04:49:56.169000,2026-05-28T04:49:55.554000
f89060d69bc44a1dac718052a453f563,35,english,1,"你提到""play""，你打算玩什么运动或游戏？请用英语的完整句子回答。",ai piay baskedebo,2026-05-28T04:49:55.792000,2026-05-28T04:49:55.879000
42f9952fc79f4440ab59c14a79b522f1,21,english,2,如果你不出去旅行，暑假你会做什么？请用英语回答。,我什么不会作,2026-05-28T04:49:57.067000,2026-05-28T04:49:57.540000
67622f62b687473e83e33fd25820aef9,31,english,2,你提到'Play'作为选择自驾的原因，请用英语更详细地谈谈你计划在成都玩什么活动？,swim and eat,2026-05-28T04:49:59.090000,2026-05-28T04:50:00.140000
62a11d29ca0d47ffafdbb9a90d72421c,3,english,2,你在三亚做了什么？请用英语回答。,Swam.,2026-05-28T04:50:00.833000,2026-05-28T04:50:01.727000
a8d8d36c78f24e00bdc8e8cc9b11dd47,41,english,1,请用英语告诉我，谁和你一起开车去的重庆？,ded I,2026-05-28T04:50:09.134000,2026-05-28T04:50:06.644000
57588b13f0c148d4b2042c7fec2744cb,36,english,1,你刚才没有回答，请你现在就用英语告诉我，你暑假旅行最喜欢哪种交通工具？为什么？,bayi,2026-05-28T04:50:07.351000,2026-05-28T04:50:07.083000
e97d3b40cd754c6e9a46c5bad565c176,40,english,2,你在三亚打算做什么？请用英语回答。,eat seafood swim in the sea,2026-05-28T04:50:09.825000,2026-05-28T04:50:10.495000
33459e83b5894addbb98416146f36bbc,28,english,1,你提到你去了北京。请用英语告诉我你是怎么去北京的？请用英语回答。,I went to there by plane.,2026-05-28T04:50:11.275000,2026-05-28T04:50:11.394000
7fe5339e4c674e26992154999bba7d3c,39,english,0,你为什么打算待在家里？请用英语回答。,nice,2026-05-28T04:50:15.094000,2026-05-28T04:50:16.297000
949be937cc224ab38566ae731cc89d1f,44,english,1,How will you get to Aomeng? Please answer in English.,I am going to there by plane,2026-05-28T04:50:17.618000,2026-05-28T04:50:18.522000
b0a2fdefecbb46a28c03030158f00761,34,english,2,你刚才说'Play'，那你在三亚具体会玩些什么？请用英语回答。,Take a lot of photos,2026-05-28T04:50:21.169000,2026-05-28T04:50:21.587000
f4d8175fbab94ddc8b601c36c80b7e68,26,english,2,你打算在美国待多少天？请用英语回答。,for  a  week.,2026-05-28T04:50:27.751000,2026-05-28T04:50:27.382000
b6b38034738048ed9f2b1650986d3a20,9,english,0,你能说出几个有关暑假活动的英语单词或短语，并试着用它们造一个句子吗？,go home,2026-05-28T04:50:35.197000,2026-05-28T04:50:31.360000
1b7de98dae1e4de9bc38f41777c7b05a,17,english,1,你刚才说“I will play game”，请问你具体打算玩什么游戏？,play  chess,2026-05-28T04:50:32.449000,2026-05-28T04:50:32.576000
5a86ccb93850459696ecc90d9563c1bf,24,english,0,你提到学到了一般将来时写作，请用英语说说你今年暑假打算去哪里、做什么，至少用两个句子。,I am going to Sanya.I am going  to,2026-05-28T04:50:36.411000,2026-05-28T04:50:35.971000
55e563c4da32429092178bd6befa2d6e,2,english,0,请用英语描述你今年暑假的旅行计划，至少说出两个完整的句子。,I  am  going,2026-05-28T04:50:36.566000,2026-05-28T04:50:36.999000
f1770f9d2afb46209ab4e7728cc171e6,23,english,0,请用英语回答：你通常如何去上学，并解释为什么选择这种方式？,"car,it is good",2026-05-28T04:50:38.246000,2026-05-28T04:50:37.110000
f44d04aef8124e9ca390c75c5262fefd,25,english,1,你刚才说“l am”，你能用英语把这个句子补充完整，并告诉我你要怎么去和去哪里吗？,By train,2026-05-28T04:50:36.911000,2026-05-28T04:50:37.466000
387720a450f2473cbc3b088cc58dcca1,8,english,1,你打算去三亚。为什么选择去那里呢？,Is good,2026-05-28T04:50:41.239000,2026-05-28T04:50:40.176000
d19050da13884c4e983cc4e04143225e,37,english,3,What are you going to do in Chengdu? Please answer in English.,Eat tasty food and fly kites.,2026-05-28T04:50:39.975000,2026-05-28T04:50:40.432000
6868054e9508442ab0ab9e5d9a251795,14,english,0,你提到了三亚，请用英语告诉我，你打算乘坐什么交通工具去那里？,i by plane,2026-05-28T04:50:44.012000,2026-05-28T04:50:44.446000
5f796129486745f0ae4fb7d2ae883317,5,english,2,你刚才又发来了'wfiphb'，老师不明白。请用英语告诉我，你想去哪里旅行？,UK,2026-05-28T04:50:48.159000,2026-05-28T04:50:48.298000
c7c507feccbb4ab6973e7cb0f2a152db,1,english,4,你上次说‘no’，但你能试着用英语说出一个假期旅行地点吗？,no,2026-05-28T04:50:50.625000,2026-05-28T04:50:50.013000
57588b13f0c148d4b2042c7fec2744cb,36,english,2,你刚才说的“bayi”是什么意思？请用英语说出那种交通工具，并解释你为什么喜欢它。,no,2026-05-28T04:50:52.470000,2026-05-28T04:50:52.206000
63ec15dbd470458a825459b7349cc05f,13,english,2,你刚才没有回答我的问题。你能用英语告诉我，你在暑假做作业的地点吗？,home,2026-05-28T04:50:55.167000,2026-05-28T04:50:55.712000
5a86ccb93850459696ecc90d9563c1bf,24,english,1,你刚才说‘I am going to’，请用英语把这句话说完，告诉我在三亚你准备做什么？,,2026-05-28T04:50:56.733000,2026-05-28T04:50:56.282000
42f9952fc79f4440ab59c14a79b522f1,21,english,3,Why do you like or dislike summer vacation? Please answer in English.,什么意思,2026-05-28T04:50:58.179000,2026-05-28T04:50:58.656000
55e563c4da32429092178bd6befa2d6e,2,english,1,你刚才说'I am going'，你能用完整的句子说说你暑假要去哪里和做什么吗？,,2026-05-28T04:50:58.777000,2026-05-28T04:50:59.197000
fc0100d2abc44e08b76aadbe60841285,45,english,3,你为什么觉得成都的火锅非常美味？请用英语回答。,it is very hot,2026-05-28T04:51:01.090000,2026-05-28T04:51:00.828000
956ad22ebecc4608820de5366b14e862,29,english,2,What are you going to do in Sanya? Please answer in English.,Take photos,2026-05-28T04:51:02.330000,2026-05-28T04:51:02.727000
33459e83b5894addbb98416146f36bbc,28,english,2,请用英语描述一下你在飞机上看到了什么或做了什么？,I saw clouds on plane.,2026-05-28T04:51:04.332000,2026-05-28T04:51:04.453000
a8d8d36c78f24e00bdc8e8cc9b11dd47,41,english,2,你刚才说“ded I”，是想说你和爸爸一起去的吗？请用完整的英语句子告诉我和谁一起去重庆的。,yes.,2026-05-28T04:51:07.326000,2026-05-28T04:51:04.839000
27cf2a6470434fe5aec1c86483489494,4,english,2,你之前说'by palm'，但'palm'不是交通工具。你能改正错误，用英语完整地说出你怎么去三亚吗？,Go to san ya by plane.,2026-05-28T04:51:10.446000,2026-05-28T04:51:11.873000
9854c2a6fc644dbbbdbe5c325c703abf,19,english,2,你到自贡后打算做什么？请用英语回答。,I am going to eat delicious food.,2026-05-28T04:51:12.347000,2026-05-28T04:51:12.341000
7fe5339e4c674e26992154999bba7d3c,39,english,1,你说家里很nice，你能用英语完整地说一说，为什么觉得待在家里很nice吗？请用英语回答。,bicause is gond,2026-05-28T04:51:16.503000,2026-05-28T04:51:17.709000
02fdd78d8085472393f1ccf3ee5b6803,22,english,2,你刚才说 went to Hong Kong，那你在香港做了什么？请用英语回答。,went to Hong Kong disini,2026-05-28T04:51:18.474000,2026-05-28T04:51:18.959000
d19050da13884c4e983cc4e04143225e,37,english,4,What tasty food do you want to eat in Chengdu? Please answer in English.,Hot pot.,2026-05-28T04:51:18.704000,2026-05-28T04:51:19.163000
62a11d29ca0d47ffafdbb9a90d72421c,3,english,3,你去年暑假为什么选择去三亚？请用英语回答。,I liken Sanya.,2026-05-28T04:51:29.993000,2026-05-28T04:51:30.892000
67622f62b687473e83e33fd25820aef9,31,english,3,请用英语解释你为什么选择在成都游泳和品尝美食作为暑假活动？,I like eat and swim.,2026-05-28T04:51:29.867000,2026-05-28T04:51:30.923000
f89060d69bc44a1dac718052a453f563,35,english,2,你刚才说 'ai piay baskedebo'，你能用英语的完整句子再说一遍你暑假打算玩什么运动吗？请用英语回答。,ai play  baskedebo',2026-05-28T04:51:31.881000,2026-05-28T04:51:31.972000
ef59b4976e504383bad0090e43c10567,43,english,2,你刚才说会坐汽车去三亚。为什么选择坐汽车而不是飞机呢？请用英语回答。,Beacuse my mom has a car.,2026-05-28T04:51:32.159000,2026-05-28T04:51:32.583000
ae95b87f579c4ea6b26c6ba71af95969,32,english,3,除了吃海鲜，你打算在三亚做什么？请用英语完整句子回答。,I will go play,2026-05-28T04:51:33.171000,2026-05-28T04:51:33.246000
57588b13f0c148d4b2042c7fec2744cb,36,english,3,你之前说的‘bayi’我不理解，你能用英语说出一种你喜欢的交通工具吗？,by car,2026-05-28T04:51:35.286000,2026-05-28T04:51:35.024000
9e300a5189f84394addb94d88f40372d,30,english,0,你说的“Play”，具体要去哪里玩呢？请用英语回答。,shanghai,2026-05-28T04:51:44.327000,2026-05-28T04:51:44.015000
5f796129486745f0ae4fb7d2ae883317,5,english,3,UK是个不错的选择！请用英语回答，你打算怎么去英国，为什么选择这种方式？,DKCVB,2026-05-28T04:51:44.471000,2026-05-28T04:51:44.614000
b081ffa990ee4ca5ac52cfe72a49afe9,42,english,2,What else are you going to do in Chengdu?,go to chunxilu.,2026-05-28T04:51:45.294000,2026-05-28T04:51:45.713000
f1770f9d2afb46209ab4e7728cc171e6,23,english,1,如果你不开车，你会选择哪种交通工具去上学？请用英语回答并解释理由。,on foot,2026-05-28T04:51:48.647000,2026-05-28T04:51:47.505000
b0a2fdefecbb46a28c03030158f00761,34,english,3,你能用‘I am going to...’的句型说说你在三亚还会做什么吗？请用英语回答。,I am going to eat sea food,2026-05-28T04:51:52.393000,2026-05-28T04:51:52.807000
1b7de98dae1e4de9bc38f41777c7b05a,17,english,2,你暑假打算和谁下棋？请用英语回答。,I play  chess with my dad .,2026-05-28T04:51:55.386000,2026-05-28T04:51:55.518000
f44d04aef8124e9ca390c75c5262fefd,25,english,2,请用英语回答我，你暑假打算坐火车去哪里？,I am going to Chengdu.,2026-05-28T04:51:56.127000,2026-05-28T04:51:56.687000
63ec15dbd470458a825459b7349cc05f,13,english,3,How long did you do your homework? Please answer in English.,4 hores,2026-05-28T04:51:56.951000,2026-05-28T04:51:57.500000
9854c2a6fc644dbbbdbe5c325c703abf,19,english,3,你打算吃什么美食？请用英语描述一种你想吃的食物。,I will eat pizza.,2026-05-28T04:52:01.067000,2026-05-28T04:52:01.055000
e97d3b40cd754c6e9a46c5bad565c176,40,english,3,你刚才说eat seafood swim in the sea，请用英语完整地说说你暑假在三亚的整个计划，用上I will。,i will go to sanya to eat seafood and swim in the sea,2026-05-28T04:52:01.809000,2026-05-28T04:52:02.494000
f4d8175fbab94ddc8b601c36c80b7e68,26,english,3,你说要在美国待一周，那你想去参观哪些地方？请用英语回答。,the   USA,2026-05-28T04:52:03.318000,2026-05-28T04:52:02.963000
387720a450f2473cbc3b088cc58dcca1,8,english,2,你刚才说三亚‘is good’，能具体说说你觉得三亚哪里好吗？,I can eat sea food there,2026-05-28T04:52:06.448000,2026-05-28T04:52:05.399000
3133d8c719844aeca1163c4884fabd76,12,english,2,You said 'fast' again. Can you tell me what makes a car fast for a summer trip? Please answer in English and use 'because'.,because have oil,2026-05-28T04:52:07.867000,2026-05-28T04:52:08.295000
949be937cc224ab38566ae731cc89d1f,44,english,2,What are you going to do in Aomeng? Please answer in English.,I wlii take photo,2026-05-28T04:52:11.810000,2026-05-28T04:52:12.729000
fc0100d2abc44e08b76aadbe60841285,45,english,4,请用英语描述一下，你到达成都后的第一天，你将会做什么？,go to chunxi road,2026-05-28T04:52:19.051000,2026-05-28T04:52:18.793000
a8d8d36c78f24e00bdc8e8cc9b11dd47,41,english,3,你之前说“going to Chongqing by car”，但这是现在进行时。请用一般过去时，用一个完整的英语句子说说你去年暑假怎么去重庆的。,i weet,2026-05-28T04:52:24.822000,2026-05-28T04:52:22.341000
9e300a5189f84394addb94d88f40372d,30,english,1,你在上海具体要做什么？请用英语回答。,play,2026-05-28T04:52:24.839000,2026-05-28T04:52:24.529000
956ad22ebecc4608820de5366b14e862,29,english,3,Who will go with you to Sanya? Please answer in English.,My mom,2026-05-28T04:52:30.122000,2026-05-28T04:52:30.524000
5f796129486745f0ae4fb7d2ae883317,5,english,4,你回答说'DKCVB'，请用英语回答你怎么去英国？,UKAMW,2026-05-28T04:52:33.312000,2026-05-28T04:52:33.457000
f89060d69bc44a1dac718052a453f563,35,english,3,你暑假打算什么时候打篮球？请用英语回答，用完整的'going to'句子。,going to,2026-05-28T04:52:38.928000,2026-05-28T04:52:39.016000
42f9952fc79f4440ab59c14a79b522f1,21,english,4,Can you say one English word about summer vacation?,不知道你在说什么,2026-05-28T04:52:42.236000,2026-05-28T04:52:42.719000
7fe5339e4c674e26992154999bba7d3c,39,english,2,你刚才说‘bicause is gond’，能用正确的英语完整地说一说为什么待在家里很nice吗？请用英语回答。,because is hot,2026-05-28T04:52:41.911000,2026-05-28T04:52:43.132000
67622f62b687473e83e33fd25820aef9,31,english,4,请用英语详细说说，你喜欢在成都吃什么食物和在哪里游泳？,Hot pot and at Wanxiangcheng.,2026-05-28T04:52:42.259000,2026-05-28T04:52:43.319000
f44d04aef8124e9ca390c75c5262fefd,25,english,3,你打算在成都做什么？请用英语回答。,Eat tasty food and play with my friends.,2026-05-28T04:52:44.119000,2026-05-28T04:52:44.682000
02fdd78d8085472393f1ccf3ee5b6803,22,english,3,你刚才说 went to Hong Kong disini，那你在迪士尼做了什么？请用英语回答。,visit,2026-05-28T04:52:44.713000,2026-05-28T04:52:45.205000
33459e83b5894addbb98416146f36bbc,28,english,3,You saw clouds on the plane. What did the clouds look like? Please answer in English.,"The clouds is like dogs,they are  cute.",2026-05-28T04:52:45.091000,2026-05-28T04:52:45.227000
b6b38034738048ed9f2b1650986d3a20,9,english,1,你说了“go home”，请用英语用它造一个完整的句子，说说你的暑假计划。,IN SUMMER VACATION I GO HOME,2026-05-28T04:52:50.285000,2026-05-28T04:52:46.456000
55e563c4da32429092178bd6befa2d6e,2,english,2,你暑假要去哪里？请用英语回答。,I  am  going  to  sanya.,2026-05-28T04:52:50.080000,2026-05-28T04:52:50.516000
e97d3b40cd754c6e9a46c5bad565c176,40,english,4,你将在三亚待多少天？请用英语回答。,6 days,2026-05-28T04:52:51.353000,2026-05-28T04:52:52.032000
6868054e9508442ab0ab9e5d9a251795,14,english,1,你能用英语完整地说出你将如何乘飞机去三亚吗？请用英语回答。,wath my mom,2026-05-28T04:52:51.933000,2026-05-28T04:52:52.374000
b0a2fdefecbb46a28c03030158f00761,34,english,4,你打算怎么去三亚？请用英语回答。,By plane,2026-05-28T04:52:52.425000,2026-05-28T04:52:52.842000
ef59b4976e504383bad0090e43c10567,43,english,3,你们开车去三亚要花多长时间？请用英语回答。,two day,2026-05-28T04:52:53.640000,2026-05-28T04:52:54.068000
387720a450f2473cbc3b088cc58dcca1,8,english,3,你提到在三亚可以吃海鲜，除了吃海鲜，你还有什么计划？请用英语回答。,Swim,2026-05-28T04:52:55.303000,2026-05-28T04:52:54.249000
57588b13f0c148d4b2042c7fec2744cb,36,english,4,你选择‘by car’去暑假旅行，请用英语解释一下为什么？,it's cheap,2026-05-28T04:52:58.102000,2026-05-28T04:52:57.855000
b081ffa990ee4ca5ac52cfe72a49afe9,42,english,3,What are you going to do at Chunxi Road? Please answer with a complete sentence in English.,to play,2026-05-28T04:53:03.774000,2026-05-28T04:53:04.189000
1b7de98dae1e4de9bc38f41777c7b05a,17,english,3,你暑假打算和爸爸在哪里下棋？请用英语回答。,in the park,2026-05-28T04:53:05.234000,2026-05-28T04:53:05.369000
a8d8d36c78f24e00bdc8e8cc9b11dd47,41,english,4,你之前回答“i weet”不完整，请用英语告诉我你和爸爸去年暑假是怎么去重庆的？,by car,2026-05-28T04:53:09.158000,2026-05-28T04:53:06.680000
ae95b87f579c4ea6b26c6ba71af95969,32,english,4,你打算在三亚玩什么？请用英语完整句子回答。,I will play game,2026-05-28T04:53:10.107000,2026-05-28T04:53:10.186000
f89060d69bc44a1dac718052a453f563,35,english,4,你刚才说'going to'，但没说完，请用完整的英语句子告诉我你打算什么时候打篮球。请用英语回答。,going to',2026-05-28T04:53:15.488000,2026-05-28T04:53:15.577000
63ec15dbd470458a825459b7349cc05f,13,english,4,你刚才说你在家做作业做了4小时，为什么做那么久呢？请用英语回答。,is so diffcult,2026-05-28T04:53:17.287000,2026-05-28T04:53:17.842000
9e300a5189f84394addb94d88f40372d,30,english,2,你一直说“play”，能详细说说你在上海打算玩什么娱乐项目或运动吗？请用英语回答。,iat,2026-05-28T04:53:20.846000,2026-05-28T04:53:20.541000
62a11d29ca0d47ffafdbb9a90d72421c,3,english,4,你去年暑假在三亚最喜欢的一天是怎样的？请用英语描述一下。,I swam a lot.,2026-05-28T04:53:25.274000,2026-05-28T04:53:26.179000
f4d8175fbab94ddc8b601c36c80b7e68,26,english,4,你刚才说要去参观美国，但美国是一个国家。请用英语告诉我，你打算在美国参观哪些城市或景点？,JIU   JIN   SHAN,2026-05-28T04:53:28.903000,2026-05-28T04:53:28.556000
5a86ccb93850459696ecc90d9563c1bf,24,english,2,你能用英语解释一下，在‘I am going to’后面应该接什么，并给出一个完整的例句吗？,应该接动词原型，I am going to vh,2026-05-28T04:53:32.354000,2026-05-28T04:53:31.933000
27cf2a6470434fe5aec1c86483489494,4,english,3,你什么时候去三亚？请用完整的英语句子回答。,I go to san ya in Summer Vacation.,2026-05-28T04:53:31.734000,2026-05-28T04:53:33.171000
949be937cc224ab38566ae731cc89d1f,44,english,3,What will you take photos of in Aomeng? Please answer in English.,The biuding in Aomeng,2026-05-28T04:53:44.090000,2026-05-28T04:53:45.006000
7fe5339e4c674e26992154999bba7d3c,39,english,3,"你刚才说""because is hot""，能试着用完整的英语句子说说，天热的时候你可以在家做什么吗？请用英语回答。",eat ice,2026-05-28T04:53:45.790000,2026-05-28T04:53:47.007000
33459e83b5894addbb98416146f36bbc,28,english,4,Why did you think the clouds looked like dogs? Please explain in English.,Because it has ears and tail.,2026-05-28T04:53:47.227000,2026-05-28T04:53:47.358000
5a86ccb93850459696ecc90d9563c1bf,24,english,3,你刚才说‘I am going to vh’，这好像没写完。请把‘vh’改成正确的动词，并用完整的英语句子说出你暑假要做的事。,,2026-05-28T04:53:47.938000,2026-05-28T04:53:47.497000
9854c2a6fc644dbbbdbe5c325c703abf,19,english,4,你能用英语把整个暑假计划完整地说一遍吗？要包括怎么去、做什么、吃什么，还有你的感受。,"I will go to the Zi Gong eat delicious food,like pizza.",2026-05-28T04:53:48.099000,2026-05-28T04:53:48.103000
956ad22ebecc4608820de5366b14e862,29,english,3,Try to use complete sentences to tell me all about your summer vacation plan. Please answer in English.,eat many food and swim in the sea.,2026-05-28T04:54:05.282000,2026-05-28T04:54:05.690000
02fdd78d8085472393f1ccf3ee5b6803,22,english,3,你刚才说 visit，但我们需要描述过去的事情，你能用正确的过去式用英语完整说一个你在迪士尼做的事情吗？请用英语回答。,visit各种项目,2026-05-28T04:54:06.674000,2026-05-28T04:54:07.162000
f1770f9d2afb46209ab4e7728cc171e6,23,english,2,你提到步行上学，为什么选择步行而不是其他方式？请用英语解释。,it  is ‌convenient‌,2026-05-28T04:54:08.599000,2026-05-28T04:54:07.474000
3133d8c719844aeca1163c4884fabd76,12,english,3,You need oil for a car. What else do you need to prepare for a car trip? Please answer in English using 'we need'.,we need monny,2026-05-28T04:54:07.532000,2026-05-28T04:54:07.968000
f44d04aef8124e9ca390c75c5262fefd,25,english,4,请用英语把你去成都度假的计划连起来说一遍，包括怎么去、去哪里和做什么。,"I am going to Chengdu by trian withmy family,I am going to eat tasty food there.",2026-05-28T04:54:09.102000,2026-05-28T04:54:09.671000
6868054e9508442ab0ab9e5d9a251795,14,english,2,你刚才说“wath my mom”，请用正确的英文告诉我们，你和妈妈打算一起在三亚玩些什么？,swim in sea.,2026-05-28T04:54:15.708000,2026-05-28T04:54:16.146000
9e300a5189f84394addb94d88f40372d,30,english,3,你怎么去上海？请用英语回答。,by plane,2026-05-28T04:54:19.279000,2026-05-28T04:54:18.976000
27cf2a6470434fe5aec1c86483489494,4,english,4,你计划暑假去三亚，那你在三亚会做什么呢？请用英语回答。,Swam.,2026-05-28T04:54:22.486000,2026-05-28T04:54:23.917000
55e563c4da32429092178bd6befa2d6e,2,english,3,你在三亚打算做什么？请用英语回答。,eat seafood,2026-05-28T04:54:30.256000,2026-05-28T04:54:30.698000
b6b38034738048ed9f2b1650986d3a20,9,english,2,你刚才说暑假要回家，回家后你打算做什么活动？请用英语告诉我。,eat food,2026-05-28T04:54:36.805000,2026-05-28T04:54:32.983000
ef59b4976e504383bad0090e43c10567,43,english,4,你说开车需要两天，那你能用英语完整地描述一下你的整个暑假计划吗？请说至少三句连贯的话，包括你要去哪里、怎么去和做什么。,I am going to sanya.I going to sanya by car.I can eat seafood on there.,2026-05-28T04:54:35.031000,2026-05-28T04:54:35.477000
b081ffa990ee4ca5ac52cfe72a49afe9,42,english,4,你之前说到春熙路是“to play”，请具体描述一下你打算在春熙路玩什么？请用完整的英语句子回答。,go to shop.,2026-05-28T04:54:36.318000,2026-05-28T04:54:36.740000
387720a450f2473cbc3b088cc58dcca1,8,english,4,你提到游泳，打算在哪里游泳，和谁一起？请用英语回答。,"Sea ,with my family",2026-05-28T04:54:39.880000,2026-05-28T04:54:38.839000
949be937cc224ab38566ae731cc89d1f,44,english,4,What do the buildings in Aomeng look like? Please answer in English.,it's tall and beautiful.,2026-05-28T04:54:44.458000,2026-05-28T04:54:45.378000
f1770f9d2afb46209ab4e7728cc171e6,23,english,3,你说步行很方便，比起开车或其他方式，步行具体方便在哪里？请用英语解释。,healthy,2026-05-28T04:55:03.087000,2026-05-28T04:55:01.955000
55e563c4da32429092178bd6befa2d6e,2,english,4,你怎么去三亚？请用英语回答。,by plane,2026-05-28T04:55:12.616000,2026-05-28T04:55:13.052000
1b7de98dae1e4de9bc38f41777c7b05a,17,english,4,你能用“I will”开头，说一个完整的句子来告诉大家你暑假的下棋计划吗？请用英语回答。,I will play chess with my dad inthe park.,2026-05-28T04:55:16.426000,2026-05-28T04:55:16.577000
b6b38034738048ed9f2b1650986d3a20,9,english,3,你刚才说回家后eat food，你最喜欢吃什么？请用英语回答。,I like hot pot.,2026-05-28T04:55:25.006000,2026-05-28T04:55:21.178000
3133d8c719844aeca1163c4884fabd76,12,english,4,You said we need money. What do you spend the money on during a car trip? Please answer in English.,becaus we need oil,2026-05-28T04:55:33.363000,2026-05-28T04:55:33.796000
6868054e9508442ab0ab9e5d9a251795,14,english,3,你能用完整的英语句子告诉我你在海里游泳后，还想和妈妈一起做些什么吗？请用英语回答。,I also want eat seafood,2026-05-28T04:55:38.549000,2026-05-28T04:55:38.992000
b6b38034738048ed9f2b1650986d3a20,9,english,4,你喜欢吃火锅，那么暑假回家后，你打算和谁一起吃火锅？请用英语回答。,My friends.,2026-05-28T04:56:00.486000,2026-05-28T04:55:56.660000
5a86ccb93850459696ecc90d9563c1bf,24,english,4,你上次写‘I am going to vh’，你能解释‘vh’是什么动词，并用完整的英语句子说出你的暑假计划吗？,"run,Iam going to run.",2026-05-28T04:56:12.647000,2026-05-28T04:56:12.226000
f1770f9d2afb46209ab4e7728cc171e6,23,english,4,你说步行是健康的，为什么这样认为？请用英语给出至少一个具体原因。,Beacuase it can lose weight.,2026-05-28T04:56:18.327000,2026-05-28T04:56:17.200000
d3872562e1524d2586cd2feebed55cbf,20,english,0,你暑假打算怎么去旅行？为什么选择这种方式？,by car  it is cheap,2026-05-28T04:56:35.818000,2026-05-28T04:56:36.045000
d3872562e1524d2586cd2feebed55cbf,20,english,1,你刚才说 'by car it is cheap'，能用 'I will' 开头的完整句子再说一遍你的暑假旅行计划吗？,i will go to sanya by car beacause it is cheap,2026-05-28T04:58:06.890000,2026-05-28T04:58:07.132000
d3872562e1524d2586cd2feebed55cbf,20,english,2,你到了三亚以后会做什么呢？请用英语回答。,eat seafood,2026-05-28T04:59:00.315000,2026-05-28T04:59:00.550000
d3872562e1524d2586cd2feebed55cbf,20,english,3,你说‘eat seafood’，能用‘I will’开头的句子，告诉我你打算怎么吃海鲜吗？请用英语回答。,i will eat seafood with hands,2026-05-28T05:00:10.731000,2026-05-28T05:00:10.971000
d3872562e1524d2586cd2feebed55cbf,20,english,4,你打算在哪里用手吃海鲜？请用英语回答。,earth,2026-05-28T05:00:45.227000,2026-05-28T05:00:45.469000
