session_id,student_id,stage,subject_id,subject_label,subject_topic,learning_objectives,objective_count,reflection_count,current_round_index,completed_round_count,defense_turn_count,started_at,last_seen_at,completed_at
a9992c23d9f347d98ed6e24900502488,test123,student-id,,,,,0,0,0,0,0,2026-05-27T08:31:37.458000,2026-05-27T08:31:37.458000,
f5e633a05e5946c9869abd387dcbc4fb,S001,student-id,,,,,0,0,0,0,0,2026-05-27T08:31:49.667000,2026-05-27T08:31:49.667000,
ec93d036c81842b9b9ed0e633d918d11,check001,student-id,,,,,0,0,0,0,0,2026-05-27T08:32:15.397000,2026-05-27T08:32:15.397000,
c88c6037632149f8875c2aa92d26a24b,test,defense,math,数学,《可爱的小猫》,经历将“小猫乐乐”在方格纸上利用“数对”放大的探索过程，通过“填一填”“画一画”等活动，体会用“数对”的变化进行图形的放大与缩小的方法，积累数学活动经验。 | 在活动中体验图形的多种变化，感受在方格纸上利用“数对”进行图形的放大与缩小的趣味性，激发数学兴趣。,2,2,0,0,0,2026-05-27T09:08:15.092000,2026-05-27T09:16:41.386000,
c5d82904c4a443c88e8b1e5ee3ede6b0,test,defense,math,数学,《可爱的小猫》,经历将“小猫乐乐”在方格纸上利用“数对”放大的探索过程，通过“填一填”“画一画”等活动，体会用“数对”的变化进行图形的放大与缩小的方法，积累数学活动经验。 | 在活动中体验图形的多种变化，感受在方格纸上利用“数对”进行图形的放大与缩小的趣味性，激发数学兴趣。,2,1,2,2,2,2026-05-27T09:50:14.622000,2026-05-27T09:53:22.540000,
75d7a424699b481ca36b4b92a3502b59,chenyu-may27test,defense,math,数学,《可爱的小猫》,经历将“小猫乐乐”在方格纸上利用“数对”放大的探索过程，通过“填一填”“画一画”等活动，体会用“数对”的变化进行图形的放大与缩小的方法，积累数学活动经验。 | 在活动中体验图形的多种变化，感受在方格纸上利用“数对”进行图形的放大与缩小的趣味性，激发数学兴趣。,2,1,4,4,4,2026-05-27T10:04:16.120000,2026-05-27T10:07:37.089000,
c61c935d915343f0ac6827a9c71fd0f8,chenyu-may27test,complete,science,科学,《厨房里的物质变化》,能列举生活中常见的物理变化（如水结冰、盐溶解）和化学变化（如苹果氧化、铁锅生锈）实例，并用“是否产生新物质”这一核心标准对物质变化进行初步分类。 | 通过观察厨房中水、食盐、苹果等物质的状态与特征，运用比较、分析、归纳的方法，自主建构物理变化和化学变化的概念模型。 | 能够针对厨房中的特定现象（如切菜、烧水、煎蛋），准确描述其变化前后的特征，并能基于观察提出可探究方法。 | 在探究活动中体会科学与生活的紧密联系，感受物质变化的奇妙，初步树立安全用火、合理处理厨余垃圾的生活责任意识。,4,1,4,5,5,2026-05-27T10:04:34.007000,2026-05-27T10:07:53.088000,2026-05-27T10:07:52.311000
313c184c098e4680836316da9250cb17,chenyu-may27test,defense,english,英语,Unit 6 Summer Vacation,"通过听、说、读、写等形式的语言活动，帮助学生复习前几册有关Travel Plan, Winter Vacation, Special Days, Transportation和Around the World等话题的重点词汇和功能句，引导学生综合运用所学语言知识和技能进行交流。 | 引导学生就所听材料或所读短文的内容与他人展开对话交流。 | 引导学生仿照阅读文段，按相应的提示或要求写几个意义连贯的句子。",3,1,2,2,2,2026-05-27T10:04:36.468000,2026-05-27T10:12:40.598000,
3916c8c06982430f94bda7aa552af8a2,chenyu-test-english-reasoning,defense,english,英语,Unit 6 Summer Vacation,"通过听、说、读、写等形式的语言活动，帮助学生复习前几册有关Travel Plan, Winter Vacation, Special Days, Transportation和Around the World等话题的重点词汇和功能句，引导学生综合运用所学语言知识和技能进行交流。 | 引导学生就所听材料或所读短文的内容与他人展开对话交流。 | 引导学生仿照阅读文段，按相应的提示或要求写几个意义连贯的句子。",3,1,2,2,2,2026-05-27T10:40:31.221000,2026-05-27T10:43:21.102000,
798b0c0b60034d5aaa02e9dad46e69ba,chenyu-may27-test-english-reasoning2,defense,english,英语,Unit 6 Summer Vacation,"通过听、说、读、写等形式的语言活动，帮助学生复习前几册有关Travel Plan, Winter Vacation, Special Days, Transportation和Around the World等话题的重点词汇和功能句，引导学生综合运用所学语言知识和技能进行交流。 | 引导学生就所听材料或所读短文的内容与他人展开对话交流。 | 引导学生仿照阅读文段，按相应的提示或要求写几个意义连贯的句子。",3,1,2,2,2,2026-05-27T10:45:36.884000,2026-05-27T10:48:06.117000,
d7bbec33eb044780900d4677df503d77,chenyu-may27-test-english-reasoning3,defense,english,英语,Unit 6 Summer Vacation,"通过听、说、读、写等形式的语言活动，帮助学生复习前几册有关Travel Plan, Winter Vacation, Special Days, Transportation和Around the World等话题的重点词汇和功能句，引导学生综合运用所学语言知识和技能进行交流。 | 引导学生就所听材料或所读短文的内容与他人展开对话交流。 | 引导学生仿照阅读文段，按相应的提示或要求写几个意义连贯的句子。",3,1,4,4,4,2026-05-27T10:51:44.080000,2026-05-27T10:55:59.120000,
5775f9a187d6423eb709b35d9ebd2269,chenyu-may27-test-english-reasoning4,complete,english,英语,Unit 6 Summer Vacation,"通过听、说、读、写等形式的语言活动，帮助学生复习前几册有关Travel Plan, Winter Vacation, Special Days, Transportation和Around the World等话题的重点词汇和功能句，引导学生综合运用所学语言知识和技能进行交流。 | 引导学生就所听材料或所读短文的内容与他人展开对话交流。 | 引导学生仿照阅读文段，按相应的提示或要求写几个意义连贯的句子。",3,1,4,5,5,2026-05-27T11:02:35.426000,2026-05-27T11:06:24.317000,2026-05-27T11:06:23.766000
0b7f2d825ef748b89c650b0a06c008f3,chenyu-may27-test-english-reasoning5,complete,english,英语,Unit 6 Summer Vacation,"通过听、说、读、写等形式的语言活动，帮助学生复习前几册有关Travel Plan, Winter Vacation, Special Days, Transportation和Around the World等话题的重点词汇和功能句，引导学生综合运用所学语言知识和技能进行交流。 | 引导学生就所听材料或所读短文的内容与他人展开对话交流。 | 引导学生仿照阅读文段，按相应的提示或要求写几个意义连贯的句子。",3,1,4,5,5,2026-05-27T11:18:06.015000,2026-05-27T11:25:53.868000,2026-05-27T11:25:53.200000
d19641cf400141a587a53bba14071771,chenyu-may27-test-english-reasoning6,defense,english,英语,Unit 6 Summer Vacation,"通过听、说、读、写等形式的语言活动，帮助学生复习前几册有关Travel Plan, Winter Vacation, Special Days, Transportation和Around the World等话题的重点词汇和功能句，引导学生综合运用所学语言知识和技能进行交流。 | 引导学生就所听材料或所读短文的内容与他人展开对话交流。 | 引导学生仿照阅读文段，按相应的提示或要求写几个意义连贯的句子。",3,1,1,1,1,2026-05-27T11:27:58.496000,2026-05-27T11:29:09.126000,
2bb360d68dbb4d2183123d26b03176ee,chenyu-may27-test-english-reasoning7,complete,english,英语,Unit 6 Summer Vacation,"通过听、说、读、写等形式的语言活动，帮助学生复习前几册有关Travel Plan, Winter Vacation, Special Days, Transportation和Around the World等话题的重点词汇和功能句，引导学生综合运用所学语言知识和技能进行交流。 | 引导学生就所听材料或所读短文的内容与他人展开对话交流。 | 引导学生仿照阅读文段，按相应的提示或要求写几个意义连贯的句子。",3,1,4,5,5,2026-05-27T11:39:47.288000,2026-05-27T11:44:34.415000,2026-05-27T11:44:33.772000
e58e009a4ce34bd2b7f136042976880e,chenyu-may27-test-again,defense,math,数学,《可爱的小猫》,经历将“小猫乐乐”在方格纸上利用“数对”放大的探索过程，通过“填一填”“画一画”等活动，体会用“数对”的变化进行图形的放大与缩小的方法，积累数学活动经验。 | 在活动中体验图形的多种变化，感受在方格纸上利用“数对”进行图形的放大与缩小的趣味性，激发数学兴趣。,2,1,3,3,3,2026-05-27T11:50:30.284000,2026-05-27T11:54:22.146000,
f5fdeb712cbb4556b17f82a0e382e2f3,test,reflection,math,数学,《可爱的小猫》,经历将“小猫乐乐”在方格纸上利用“数对”放大的探索过程，通过“填一填”“画一画”等活动，体会用“数对”的变化进行图形的放大与缩小的方法，积累数学活动经验。 | 在活动中体验图形的多种变化，感受在方格纸上利用“数对”进行图形的放大与缩小的趣味性，激发数学兴趣。,2,1,0,0,0,2026-05-27T11:54:53.098000,2026-05-27T11:54:53.796000,
5effe5cdde394d799cb81596719f1a51,test-8am,defense,math,数学,《可爱的小猫》,经历将“小猫乐乐”在方格纸上利用“数对”放大的探索过程，通过“填一填”“画一画”等活动，体会用“数对”的变化进行图形的放大与缩小的方法，积累数学活动经验。 | 在活动中体验图形的多种变化，感受在方格纸上利用“数对”进行图形的放大与缩小的趣味性，激发数学兴趣。,2,1,1,1,1,2026-05-27T12:01:34.137000,2026-05-27T12:12:18.177000,
22d13493582741509fd2e9705b0d0aea,1,student-id,science,科学,《厨房里的物质变化》,能列举生活中常见的物理变化（如水结冰、盐溶解）和化学变化（如苹果氧化、铁锅生锈）实例，并用“是否产生新物质”这一核心标准对物质变化进行初步分类。 | 通过观察厨房中水、食盐、苹果等物质的状态与特征，运用比较、分析、归纳的方法，自主建构物理变化和化学变化的概念模型。 | 能够针对厨房中的特定现象（如切菜、烧水、煎蛋），准确描述其变化前后的特征，并能基于观察提出可探究方法。 | 在探究活动中体会科学与生活的紧密联系，感受物质变化的奇妙，初步树立安全用火、合理处理厨余垃圾的生活责任意识。,4,1,0,0,0,2026-05-27T12:08:03.955000,2026-05-27T12:08:54.385000,
b0189342f3604c7c884f86d21bda978d,chenyu-prod-test,defense,math,数学,《可爱的小猫》,经历将“小猫乐乐”在方格纸上利用“数对”放大的探索过程，通过“填一填”“画一画”等活动，体会用“数对”的变化进行图形的放大与缩小的方法，积累数学活动经验。 | 在活动中体验图形的多种变化，感受在方格纸上利用“数对”进行图形的放大与缩小的趣味性，激发数学兴趣。,2,1,2,2,2,2026-05-27T12:08:36.375000,2026-05-27T12:15:34.866000,
59ee9db6100445669ca9c5730ffcb496,。。,complete,math,数学,《可爱的小猫》,经历将“小猫乐乐”在方格纸上利用“数对”放大的探索过程，通过“填一填”“画一画”等活动，体会用“数对”的变化进行图形的放大与缩小的方法，积累数学活动经验。 | 在活动中体验图形的多种变化，感受在方格纸上利用“数对”进行图形的放大与缩小的趣味性，激发数学兴趣。,2,1,4,5,5,2026-05-27T12:08:44.297000,2026-05-27T12:17:01.938000,2026-05-27T12:17:01.630000
4b1c63f46ef14ff2b177ed39d1a489a0,kexue,defense,science,科学,《厨房里的物质变化》,能列举生活中常见的物理变化（如水结冰、盐溶解）和化学变化（如苹果氧化、铁锅生锈）实例，并用“是否产生新物质”这一核心标准对物质变化进行初步分类。 | 通过观察厨房中水、食盐、苹果等物质的状态与特征，运用比较、分析、归纳的方法，自主建构物理变化和化学变化的概念模型。 | 能够针对厨房中的特定现象（如切菜、烧水、煎蛋），准确描述其变化前后的特征，并能基于观察提出可探究方法。 | 在探究活动中体会科学与生活的紧密联系，感受物质变化的奇妙，初步树立安全用火、合理处理厨余垃圾的生活责任意识。,4,1,1,2,2,2026-05-27T12:09:03.906000,2026-05-27T12:12:20.786000,
13c7e7af549f4be7b8bcd0b8535d3ac4,kexue,complete,science,科学,《厨房里的物质变化》,能列举生活中常见的物理变化（如水结冰、盐溶解）和化学变化（如苹果氧化、铁锅生锈）实例，并用“是否产生新物质”这一核心标准对物质变化进行初步分类。 | 通过观察厨房中水、食盐、苹果等物质的状态与特征，运用比较、分析、归纳的方法，自主建构物理变化和化学变化的概念模型。 | 能够针对厨房中的特定现象（如切菜、烧水、煎蛋），准确描述其变化前后的特征，并能基于观察提出可探究方法。 | 在探究活动中体会科学与生活的紧密联系，感受物质变化的奇妙，初步树立安全用火、合理处理厨余垃圾的生活责任意识。,4,1,4,5,5,2026-05-27T12:13:59.268000,2026-05-27T12:19:35.114000,2026-05-27T12:19:36.447000
559c1a8d5ae94d4b85bf0c58643e330b,tra,complete,english,英语,Unit 6 Summer Vacation,"通过听、说、读、写等形式的语言活动，帮助学生复习前几册有关Travel Plan, Winter Vacation, Special Days, Transportation和Around the World等话题的重点词汇和功能句，引导学生综合运用所学语言知识和技能进行交流。 | 引导学生就所听材料或所读短文的内容与他人展开对话交流。 | 引导学生仿照阅读文段，按相应的提示或要求写几个意义连贯的句子。",3,1,4,5,5,2026-05-27T12:14:57.877000,2026-05-27T12:20:03.535000,2026-05-27T12:20:03.100000
e704a7599ef54a7fa8a081b80b2d4df8,test,defense,math,数学,《可爱的小猫》,经历将“小猫乐乐”在方格纸上利用“数对”放大的探索过程，通过“填一填”“画一画”等活动，体会用“数对”的变化进行图形的放大与缩小的方法，积累数学活动经验。 | 在活动中体验图形的多种变化，感受在方格纸上利用“数对”进行图形的放大与缩小的趣味性，激发数学兴趣。,2,1,1,1,1,2026-05-27T12:28:39.953000,2026-05-27T12:30:17.584000,
3905e0cb1e1b4e77982d87954d4fc8ec,test-chenyu-prod-bugfix,defense,math,数学,《可爱的小猫》,经历将“小猫乐乐”在方格纸上利用“数对”放大的探索过程，通过“填一填”“画一画”等活动，体会用“数对”的变化进行图形的放大与缩小的方法，积累数学活动经验。 | 在活动中体验图形的多种变化，感受在方格纸上利用“数对”进行图形的放大与缩小的趣味性，激发数学兴趣。,2,1,1,1,1,2026-05-27T12:39:01.848000,2026-05-27T12:41:09.164000,
edadb3a402ae45c3952d02ef9d0aa71d,test,defense,math,数学,《可爱的小猫》,经历将“小猫乐乐”在方格纸上利用“数对”放大的探索过程，通过“填一填”“画一画”等活动，体会用“数对”的变化进行图形的放大与缩小的方法，积累数学活动经验。 | 在活动中体验图形的多种变化，感受在方格纸上利用“数对”进行图形的放大与缩小的趣味性，激发数学兴趣。,2,1,1,1,1,2026-05-27T12:45:16.489000,2026-05-27T12:47:06.129000,
1e40ea6fbc4f4ba6a74c4484878cde7d,test,defense,math,数学,《可爱的小猫》,经历将“小猫乐乐”在方格纸上利用“数对”放大的探索过程，通过“填一填”“画一画”等活动，体会用“数对”的变化进行图形的放大与缩小的方法，积累数学活动经验。 | 在活动中体验图形的多种变化，感受在方格纸上利用“数对”进行图形的放大与缩小的趣味性，激发数学兴趣。,2,1,1,1,1,2026-05-27T12:57:08.123000,2026-05-27T12:58:43.121000,
cfb7929530bb4034931dcd806dd5b4a3,test-may-27,complete,math,数学,《可爱的小猫》,经历将“小猫乐乐”在方格纸上利用“数对”放大的探索过程，通过“填一填”“画一画”等活动，体会用“数对”的变化进行图形的放大与缩小的方法，积累数学活动经验。 | 在活动中体验图形的多种变化，感受在方格纸上利用“数对”进行图形的放大与缩小的趣味性，激发数学兴趣。,2,1,4,5,5,2026-05-27T13:03:20.034000,2026-05-27T13:08:15.278000,2026-05-27T13:08:14.685000
b1c2bde0acbc4853a1aeef696acd8036,test-may27-bugfix,complete,math,数学,《可爱的小猫》,经历将“小猫乐乐”在方格纸上利用“数对”放大的探索过程，通过“填一填”“画一画”等活动，体会用“数对”的变化进行图形的放大与缩小的方法，积累数学活动经验。 | 在活动中体验图形的多种变化，感受在方格纸上利用“数对”进行图形的放大与缩小的趣味性，激发数学兴趣。,2,1,4,5,5,2026-05-27T13:23:50.496000,2026-05-27T13:29:06.463000,2026-05-27T13:29:05.922000
b8956b7ba4e94a57a903402da259b7d7,test-may27-bugfix2,complete,math,数学,《可爱的小猫》,经历将“小猫乐乐”在方格纸上利用“数对”放大的探索过程，通过“填一填”“画一画”等活动，体会用“数对”的变化进行图形的放大与缩小的方法，积累数学活动经验。 | 在活动中体验图形的多种变化，感受在方格纸上利用“数对”进行图形的放大与缩小的趣味性，激发数学兴趣。,2,1,4,5,5,2026-05-27T13:30:20.577000,2026-05-27T13:34:42.885000,2026-05-27T13:34:42.324000
6adac312221a41e6833376659cbe6ffc,test-120s,defense,math,数学,《可爱的小猫》,经历将“小猫乐乐”在方格纸上利用“数对”放大的探索过程，通过“填一填”“画一画”等活动，体会用“数对”的变化进行图形的放大与缩小的方法，积累数学活动经验。 | 在活动中体验图形的多种变化，感受在方格纸上利用“数对”进行图形的放大与缩小的趣味性，激发数学兴趣。,2,1,2,2,2,2026-05-27T13:38:40.773000,2026-05-27T13:46:38.210000,
e68bfafea1fd499aa95a701b7bef92f6,test-new-timer,complete,math,数学,《可爱的小猫》,经历将“小猫乐乐”在方格纸上利用“数对”放大的探索过程，通过“填一填”“画一画”等活动，体会用“数对”的变化进行图形的放大与缩小的方法，积累数学活动经验。 | 在活动中体验图形的多种变化，感受在方格纸上利用“数对”进行图形的放大与缩小的趣味性，激发数学兴趣。,2,1,4,5,5,2026-05-27T13:49:51.026000,2026-05-27T13:57:19.610000,2026-05-27T13:57:19.047000
18a9d2ce5c8a45d2848701174c6a0ace,test,student-id,math,数学,《可爱的小猫》,经历将“小猫乐乐”在方格纸上利用“数对”放大的探索过程，通过“填一填”“画一画”等活动，体会用“数对”的变化进行图形的放大与缩小的方法，积累数学活动经验。 | 在活动中体验图形的多种变化，感受在方格纸上利用“数对”进行图形的放大与缩小的趣味性，激发数学兴趣。,2,1,0,0,0,2026-05-27T18:18:01.328000,2026-05-27T18:18:04.079000,
3d7d12c8c1f042f8ac7af61b86dba80b,test-may27-finaltesting,defense,math,数学,《可爱的小猫》,经历将“小猫乐乐”在方格纸上利用“数对”放大的探索过程，通过“填一填”“画一画”等活动，体会用“数对”的变化进行图形的放大与缩小的方法，积累数学活动经验。 | 在活动中体验图形的多种变化，感受在方格纸上利用“数对”进行图形的放大与缩小的趣味性，激发数学兴趣。,2,1,0,0,0,2026-05-27T18:18:11.909000,2026-05-27T18:18:17.947000,
a31001b132214717898b90f1c4fbdde2,test-may27-finaltesting,complete,math,数学,《可爱的小猫》,经历将“小猫乐乐”在方格纸上利用“数对”放大的探索过程，通过“填一填”“画一画”等活动，体会用“数对”的变化进行图形的放大与缩小的方法，积累数学活动经验。 | 在活动中体验图形的多种变化，感受在方格纸上利用“数对”进行图形的放大与缩小的趣味性，激发数学兴趣。,2,1,4,5,5,2026-05-27T18:18:23.059000,2026-05-27T18:32:35.039000,2026-05-27T18:32:34.485000
625a10e799ea4e8085cfe817cad5aa08,test,complete,math,数学,《可爱的小猫》,经历将“小猫乐乐”在方格纸上利用“数对”放大的探索过程，通过“填一填”“画一画”等活动，体会用“数对”的变化进行图形的放大与缩小的方法，积累数学活动经验。 | 在活动中体验图形的多种变化，感受在方格纸上利用“数对”进行图形的放大与缩小的趣味性，激发数学兴趣。,2,1,4,5,5,2026-05-27T19:50:37.380000,2026-05-27T19:55:18.313000,2026-05-27T19:55:17.763000
fea502ff1e7746e39961439affde92a0,11,defense,math,数学,《可爱的小猫》,经历将“小猫乐乐”在方格纸上利用“数对”放大的探索过程，通过“填一填”“画一画”等活动，体会用“数对”的变化进行图形的放大与缩小的方法，积累数学活动经验。 | 在活动中体验图形的多种变化，感受在方格纸上利用“数对”进行图形的放大与缩小的趣味性，激发数学兴趣。,2,1,1,3,3,2026-05-28T02:06:14.301000,2026-05-28T02:18:49.561000,
c2aa3c13793148bba1eb31f181391b9a,13,complete,math,数学,《可爱的小猫》,经历将“小猫乐乐”在方格纸上利用“数对”放大的探索过程，通过“填一填”“画一画”等活动，体会用“数对”的变化进行图形的放大与缩小的方法，积累数学活动经验。 | 在活动中体验图形的多种变化，感受在方格纸上利用“数对”进行图形的放大与缩小的趣味性，激发数学兴趣。,2,1,3,5,5,2026-05-28T02:06:16.012000,2026-05-28T02:18:45.338000,2026-05-28T02:18:44.867000
73e43a0beb8a4c03a3b51f3703950780,21,complete,math,数学,《可爱的小猫》,经历将“小猫乐乐”在方格纸上利用“数对”放大的探索过程，通过“填一填”“画一画”等活动，体会用“数对”的变化进行图形的放大与缩小的方法，积累数学活动经验。 | 在活动中体验图形的多种变化，感受在方格纸上利用“数对”进行图形的放大与缩小的趣味性，激发数学兴趣。,2,1,4,5,5,2026-05-28T02:06:17.317000,2026-05-28T02:13:53.227000,2026-05-28T02:13:52.665000
0f43e1e032014d5ca2c8320804c1e5b8,24,defense,math,数学,《可爱的小猫》,经历将“小猫乐乐”在方格纸上利用“数对”放大的探索过程，通过“填一填”“画一画”等活动，体会用“数对”的变化进行图形的放大与缩小的方法，积累数学活动经验。 | 在活动中体验图形的多种变化，感受在方格纸上利用“数对”进行图形的放大与缩小的趣味性，激发数学兴趣。,2,1,1,3,3,2026-05-28T02:06:19.358000,2026-05-28T02:28:23.412000,
b5aba6b8fab84f859491d4c5e78a841b,22,defense,math,数学,《可爱的小猫》,经历将“小猫乐乐”在方格纸上利用“数对”放大的探索过程，通过“填一填”“画一画”等活动，体会用“数对”的变化进行图形的放大与缩小的方法，积累数学活动经验。 | 在活动中体验图形的多种变化，感受在方格纸上利用“数对”进行图形的放大与缩小的趣味性，激发数学兴趣。,2,1,3,4,4,2026-05-28T02:06:19.872000,2026-05-28T02:14:22.253000,
f9fe30e6c18447d1b956d9faaaa978b5,20,complete,math,数学,《可爱的小猫》,经历将“小猫乐乐”在方格纸上利用“数对”放大的探索过程，通过“填一填”“画一画”等活动，体会用“数对”的变化进行图形的放大与缩小的方法，积累数学活动经验。 | 在活动中体验图形的多种变化，感受在方格纸上利用“数对”进行图形的放大与缩小的趣味性，激发数学兴趣。,2,1,3,5,5,2026-05-28T02:06:21.568000,2026-05-28T02:19:11.545000,2026-05-28T02:19:11.634000
fd89609db4ce4f74bb5a34088cea00fa,2,defense,math,数学,《可爱的小猫》,经历将“小猫乐乐”在方格纸上利用“数对”放大的探索过程，通过“填一填”“画一画”等活动，体会用“数对”的变化进行图形的放大与缩小的方法，积累数学活动经验。 | 在活动中体验图形的多种变化，感受在方格纸上利用“数对”进行图形的放大与缩小的趣味性，激发数学兴趣。,2,1,0,1,1,2026-05-28T02:06:22.249000,2026-05-28T02:13:14.293000,
675417c4b8114b44b79436e1bf83a4db,18,reflection,math,数学,《可爱的小猫》,经历将“小猫乐乐”在方格纸上利用“数对”放大的探索过程，通过“填一填”“画一画”等活动，体会用“数对”的变化进行图形的放大与缩小的方法，积累数学活动经验。 | 在活动中体验图形的多种变化，感受在方格纸上利用“数对”进行图形的放大与缩小的趣味性，激发数学兴趣。,2,1,0,0,0,2026-05-28T02:06:22.712000,2026-05-28T02:07:22.026000,
4e38cfadb9384a35b6575d46f922d449,17,defense,math,数学,《可爱的小猫》,经历将“小猫乐乐”在方格纸上利用“数对”放大的探索过程，通过“填一填”“画一画”等活动，体会用“数对”的变化进行图形的放大与缩小的方法，积累数学活动经验。 | 在活动中体验图形的多种变化，感受在方格纸上利用“数对”进行图形的放大与缩小的趣味性，激发数学兴趣。,2,1,0,3,3,2026-05-28T02:06:23.405000,2026-05-28T02:28:29.207000,
7ee1c7b3d6154856a83b2bdaba507dc2,30,defense,math,数学,《可爱的小猫》,经历将“小猫乐乐”在方格纸上利用“数对”放大的探索过程，通过“填一填”“画一画”等活动，体会用“数对”的变化进行图形的放大与缩小的方法，积累数学活动经验。 | 在活动中体验图形的多种变化，感受在方格纸上利用“数对”进行图形的放大与缩小的趣味性，激发数学兴趣。,2,1,2,3,3,2026-05-28T02:06:24.087000,2026-05-28T02:15:59.803000,
616a3dd7c60a4deeaf056c468606b0fa,19,defense,math,数学,《可爱的小猫》,经历将“小猫乐乐”在方格纸上利用“数对”放大的探索过程，通过“填一填”“画一画”等活动，体会用“数对”的变化进行图形的放大与缩小的方法，积累数学活动经验。 | 在活动中体验图形的多种变化，感受在方格纸上利用“数对”进行图形的放大与缩小的趣味性，激发数学兴趣。,2,1,2,4,4,2026-05-28T02:06:24.648000,2026-05-28T02:19:03.900000,
de4d21978f7345b0a4e80ba7538d617f,7,defense,math,数学,《可爱的小猫》,经历将“小猫乐乐”在方格纸上利用“数对”放大的探索过程，通过“填一填”“画一画”等活动，体会用“数对”的变化进行图形的放大与缩小的方法，积累数学活动经验。 | 在活动中体验图形的多种变化，感受在方格纸上利用“数对”进行图形的放大与缩小的趣味性，激发数学兴趣。,2,1,1,4,4,2026-05-28T02:06:25.170000,2026-05-28T02:28:32.650000,
aa1383ea890b49d3bc627a6b69811cdd,31,defense,math,数学,《可爱的小猫》,经历将“小猫乐乐”在方格纸上利用“数对”放大的探索过程，通过“填一填”“画一画”等活动，体会用“数对”的变化进行图形的放大与缩小的方法，积累数学活动经验。 | 在活动中体验图形的多种变化，感受在方格纸上利用“数对”进行图形的放大与缩小的趣味性，激发数学兴趣。,2,1,2,3,3,2026-05-28T02:06:26.598000,2026-05-28T02:14:39.673000,
367e86cb79a04992b6b549e39422c74c,41,defense,math,数学,《可爱的小猫》,经历将“小猫乐乐”在方格纸上利用“数对”放大的探索过程，通过“填一填”“画一画”等活动，体会用“数对”的变化进行图形的放大与缩小的方法，积累数学活动经验。 | 在活动中体验图形的多种变化，感受在方格纸上利用“数对”进行图形的放大与缩小的趣味性，激发数学兴趣。,2,1,0,0,0,2026-05-28T02:06:28.345000,2026-05-28T02:08:05.552000,
0da7cf07f26c4b3bb366aa00b857116d,36,defense,math,数学,《可爱的小猫》,经历将“小猫乐乐”在方格纸上利用“数对”放大的探索过程，通过“填一填”“画一画”等活动，体会用“数对”的变化进行图形的放大与缩小的方法，积累数学活动经验。 | 在活动中体验图形的多种变化，感受在方格纸上利用“数对”进行图形的放大与缩小的趣味性，激发数学兴趣。,2,1,3,4,4,2026-05-28T02:06:30.791000,2026-05-28T02:14:40.155000,
989ea1dd970b47fcb54add063e899444,27,defense,math,数学,《可爱的小猫》,经历将“小猫乐乐”在方格纸上利用“数对”放大的探索过程，通过“填一填”“画一画”等活动，体会用“数对”的变化进行图形的放大与缩小的方法，积累数学活动经验。 | 在活动中体验图形的多种变化，感受在方格纸上利用“数对”进行图形的放大与缩小的趣味性，激发数学兴趣。,2,1,2,3,3,2026-05-28T02:06:34.457000,2026-05-28T02:13:14.482000,
c031ae955faa4c9e915d71a20fc5ff82,38,complete,math,数学,《可爱的小猫》,经历将“小猫乐乐”在方格纸上利用“数对”放大的探索过程，通过“填一填”“画一画”等活动，体会用“数对”的变化进行图形的放大与缩小的方法，积累数学活动经验。 | 在活动中体验图形的多种变化，感受在方格纸上利用“数对”进行图形的放大与缩小的趣味性，激发数学兴趣。,2,1,4,5,5,2026-05-28T02:06:35.920000,2026-05-28T02:15:08.961000,2026-05-28T02:15:08.505000
ae331b4e716b477babdbd02452383b7a,10号,complete,math,数学,《可爱的小猫》,经历将“小猫乐乐”在方格纸上利用“数对”放大的探索过程，通过“填一填”“画一画”等活动，体会用“数对”的变化进行图形的放大与缩小的方法，积累数学活动经验。 | 在活动中体验图形的多种变化，感受在方格纸上利用“数对”进行图形的放大与缩小的趣味性，激发数学兴趣。,2,1,3,5,5,2026-05-28T02:06:36.451000,2026-05-28T02:18:33.375000,2026-05-28T02:18:32.210000
1cf6b395804148aeaa9bbaf321fd6df9,6,complete,math,数学,《可爱的小猫》,经历将“小猫乐乐”在方格纸上利用“数对”放大的探索过程，通过“填一填”“画一画”等活动，体会用“数对”的变化进行图形的放大与缩小的方法，积累数学活动经验。 | 在活动中体验图形的多种变化，感受在方格纸上利用“数对”进行图形的放大与缩小的趣味性，激发数学兴趣。,2,1,4,5,5,2026-05-28T02:06:37.003000,2026-05-28T02:12:55.261000,2026-05-28T02:12:48.479000
5fec46b95d7d4fb78acc56a847043b53,9,complete,math,数学,《可爱的小猫》,经历将“小猫乐乐”在方格纸上利用“数对”放大的探索过程，通过“填一填”“画一画”等活动，体会用“数对”的变化进行图形的放大与缩小的方法，积累数学活动经验。 | 在活动中体验图形的多种变化，感受在方格纸上利用“数对”进行图形的放大与缩小的趣味性，激发数学兴趣。,2,1,3,5,5,2026-05-28T02:06:37.570000,2026-05-28T02:18:35.864000,2026-05-28T02:18:35.360000
cda0296923954328a259094a34baba3b,39,defense,math,数学,《可爱的小猫》,经历将“小猫乐乐”在方格纸上利用“数对”放大的探索过程，通过“填一填”“画一画”等活动，体会用“数对”的变化进行图形的放大与缩小的方法，积累数学活动经验。 | 在活动中体验图形的多种变化，感受在方格纸上利用“数对”进行图形的放大与缩小的趣味性，激发数学兴趣。,2,1,2,4,4,2026-05-28T02:06:39.245000,2026-05-28T02:18:48.545000,
9119132b68c94cd9ac3ffa2c594213b9,16,defense,math,数学,《可爱的小猫》,经历将“小猫乐乐”在方格纸上利用“数对”放大的探索过程，通过“填一填”“画一画”等活动，体会用“数对”的变化进行图形的放大与缩小的方法，积累数学活动经验。 | 在活动中体验图形的多种变化，感受在方格纸上利用“数对”进行图形的放大与缩小的趣味性，激发数学兴趣。,2,1,2,3,3,2026-05-28T02:06:40.545000,2026-05-28T02:15:57.974000,
ef6089e70115433f826b2fb7ca8a9e8d,32,defense,math,数学,《可爱的小猫》,经历将“小猫乐乐”在方格纸上利用“数对”放大的探索过程，通过“填一填”“画一画”等活动，体会用“数对”的变化进行图形的放大与缩小的方法，积累数学活动经验。 | 在活动中体验图形的多种变化，感受在方格纸上利用“数对”进行图形的放大与缩小的趣味性，激发数学兴趣。,2,1,0,0,0,2026-05-28T02:06:40.669000,2026-05-28T02:13:08.488000,
b48634af6a9b41568ddfd1e366eab63e,44,defense,math,数学,《可爱的小猫》,经历将“小猫乐乐”在方格纸上利用“数对”放大的探索过程，通过“填一填”“画一画”等活动，体会用“数对”的变化进行图形的放大与缩小的方法，积累数学活动经验。 | 在活动中体验图形的多种变化，感受在方格纸上利用“数对”进行图形的放大与缩小的趣味性，激发数学兴趣。,2,1,2,4,4,2026-05-28T02:06:43.003000,2026-05-28T02:18:34.243000,
2db85724b2a44c2181502df4055bc70d,47,defense,math,数学,《可爱的小猫》,经历将“小猫乐乐”在方格纸上利用“数对”放大的探索过程，通过“填一填”“画一画”等活动，体会用“数对”的变化进行图形的放大与缩小的方法，积累数学活动经验。 | 在活动中体验图形的多种变化，感受在方格纸上利用“数对”进行图形的放大与缩小的趣味性，激发数学兴趣。,2,1,1,4,4,2026-05-28T02:06:43.125000,2026-05-28T02:18:17.488000,
e566af60059948d9a2377e746d0c0a32,48,defense,math,数学,《可爱的小猫》,经历将“小猫乐乐”在方格纸上利用“数对”放大的探索过程，通过“填一填”“画一画”等活动，体会用“数对”的变化进行图形的放大与缩小的方法，积累数学活动经验。 | 在活动中体验图形的多种变化，感受在方格纸上利用“数对”进行图形的放大与缩小的趣味性，激发数学兴趣。,2,1,1,3,3,2026-05-28T02:06:46.160000,2026-05-28T02:18:21.085000,
e50c980507954e9faab9355a9a7988c8,4号,defense,math,数学,《可爱的小猫》,经历将“小猫乐乐”在方格纸上利用“数对”放大的探索过程，通过“填一填”“画一画”等活动，体会用“数对”的变化进行图形的放大与缩小的方法，积累数学活动经验。 | 在活动中体验图形的多种变化，感受在方格纸上利用“数对”进行图形的放大与缩小的趣味性，激发数学兴趣。,2,1,2,3,3,2026-05-28T02:06:46.475000,2026-05-28T02:12:41.309000,
724c3ad71fc2439fae9750249f20bd4f,49,defense,math,数学,《可爱的小猫》,经历将“小猫乐乐”在方格纸上利用“数对”放大的探索过程，通过“填一填”“画一画”等活动，体会用“数对”的变化进行图形的放大与缩小的方法，积累数学活动经验。 | 在活动中体验图形的多种变化，感受在方格纸上利用“数对”进行图形的放大与缩小的趣味性，激发数学兴趣。,2,1,1,2,2,2026-05-28T02:06:47.636000,2026-05-28T02:29:07.332000,
44f776e193ac494485e290b107f5d744,40,defense,math,数学,《可爱的小猫》,经历将“小猫乐乐”在方格纸上利用“数对”放大的探索过程，通过“填一填”“画一画”等活动，体会用“数对”的变化进行图形的放大与缩小的方法，积累数学活动经验。 | 在活动中体验图形的多种变化，感受在方格纸上利用“数对”进行图形的放大与缩小的趣味性，激发数学兴趣。,2,1,0,2,2,2026-05-28T02:06:50.941000,2026-05-28T02:17:41.510000,
26c2fc93fd9b4f1fa3cd64c214c2bf80,46,defense,math,数学,《可爱的小猫》,经历将“小猫乐乐”在方格纸上利用“数对”放大的探索过程，通过“填一填”“画一画”等活动，体会用“数对”的变化进行图形的放大与缩小的方法，积累数学活动经验。 | 在活动中体验图形的多种变化，感受在方格纸上利用“数对”进行图形的放大与缩小的趣味性，激发数学兴趣。,2,1,1,2,2,2026-05-28T02:06:51.011000,2026-05-28T02:13:40.768000,
ea41f410759f44c5b83b38458f6a6f8b,1,complete,math,数学,《可爱的小猫》,经历将“小猫乐乐”在方格纸上利用“数对”放大的探索过程，通过“填一填”“画一画”等活动，体会用“数对”的变化进行图形的放大与缩小的方法，积累数学活动经验。 | 在活动中体验图形的多种变化，感受在方格纸上利用“数对”进行图形的放大与缩小的趣味性，激发数学兴趣。,2,1,3,5,5,2026-05-28T02:06:51.395000,2026-05-28T02:31:43.993000,2026-05-28T02:31:42.835000
915041d2bcf84ba2876a5556929ac860,3,defense,math,数学,《可爱的小猫》,经历将“小猫乐乐”在方格纸上利用“数对”放大的探索过程，通过“填一填”“画一画”等活动，体会用“数对”的变化进行图形的放大与缩小的方法，积累数学活动经验。 | 在活动中体验图形的多种变化，感受在方格纸上利用“数对”进行图形的放大与缩小的趣味性，激发数学兴趣。,2,1,3,4,4,2026-05-28T02:06:56.641000,2026-05-28T02:17:42.047000,
6e0f02619a0740bb9fd045cf68816ee6,43,defense,math,数学,《可爱的小猫》,经历将“小猫乐乐”在方格纸上利用“数对”放大的探索过程，通过“填一填”“画一画”等活动，体会用“数对”的变化进行图形的放大与缩小的方法，积累数学活动经验。 | 在活动中体验图形的多种变化，感受在方格纸上利用“数对”进行图形的放大与缩小的趣味性，激发数学兴趣。,2,1,2,3,3,2026-05-28T02:07:02.892000,2026-05-28T02:12:37.606000,
7f3cc3500f1c4340973383230874f12c,45,complete,math,数学,《可爱的小猫》,经历将“小猫乐乐”在方格纸上利用“数对”放大的探索过程，通过“填一填”“画一画”等活动，体会用“数对”的变化进行图形的放大与缩小的方法，积累数学活动经验。 | 在活动中体验图形的多种变化，感受在方格纸上利用“数对”进行图形的放大与缩小的趣味性，激发数学兴趣。,2,1,3,5,5,2026-05-28T02:07:03.256000,2026-05-28T02:18:56.139000,2026-05-28T02:18:54.142000
51f8c6bcb49349369b1e3668e83ff5f7,26,defense,math,数学,《可爱的小猫》,经历将“小猫乐乐”在方格纸上利用“数对”放大的探索过程，通过“填一填”“画一画”等活动，体会用“数对”的变化进行图形的放大与缩小的方法，积累数学活动经验。 | 在活动中体验图形的多种变化，感受在方格纸上利用“数对”进行图形的放大与缩小的趣味性，激发数学兴趣。,2,1,3,4,4,2026-05-28T02:07:07.060000,2026-05-28T02:17:44.882000,
fd13eb646b5e4b4986aaf389dbbe8896,23,defense,math,数学,《可爱的小猫》,经历将“小猫乐乐”在方格纸上利用“数对”放大的探索过程，通过“填一填”“画一画”等活动，体会用“数对”的变化进行图形的放大与缩小的方法，积累数学活动经验。 | 在活动中体验图形的多种变化，感受在方格纸上利用“数对”进行图形的放大与缩小的趣味性，激发数学兴趣。,2,1,3,4,4,2026-05-28T02:07:07.710000,2026-05-28T02:13:47.292000,
04275294032e4eb3b850d2f0044dc615,28,defense,math,数学,《可爱的小猫》,经历将“小猫乐乐”在方格纸上利用“数对”放大的探索过程，通过“填一填”“画一画”等活动，体会用“数对”的变化进行图形的放大与缩小的方法，积累数学活动经验。 | 在活动中体验图形的多种变化，感受在方格纸上利用“数对”进行图形的放大与缩小的趣味性，激发数学兴趣。,2,1,1,2,2,2026-05-28T02:07:12.678000,2026-05-28T02:16:54.317000,
f8e13ed1707c471bb7833654466858a8,18,complete,math,数学,《可爱的小猫》,经历将“小猫乐乐”在方格纸上利用“数对”放大的探索过程，通过“填一填”“画一画”等活动，体会用“数对”的变化进行图形的放大与缩小的方法，积累数学活动经验。 | 在活动中体验图形的多种变化，感受在方格纸上利用“数对”进行图形的放大与缩小的趣味性，激发数学兴趣。,2,1,3,5,5,2026-05-28T02:07:36.847000,2026-05-28T02:18:44.463000,2026-05-28T02:18:43.968000
6ff87720193445459407f9f877b3cd28,8,defense,math,数学,《可爱的小猫》,经历将“小猫乐乐”在方格纸上利用“数对”放大的探索过程，通过“填一填”“画一画”等活动，体会用“数对”的变化进行图形的放大与缩小的方法，积累数学活动经验。 | 在活动中体验图形的多种变化，感受在方格纸上利用“数对”进行图形的放大与缩小的趣味性，激发数学兴趣。,2,1,2,3,3,2026-05-28T02:07:48.131000,2026-05-28T02:18:35.626000,
90c4b4bdd09c4c86b24a5fb4e12a7f57,14,defense,math,数学,《可爱的小猫》,经历将“小猫乐乐”在方格纸上利用“数对”放大的探索过程，通过“填一填”“画一画”等活动，体会用“数对”的变化进行图形的放大与缩小的方法，积累数学活动经验。 | 在活动中体验图形的多种变化，感受在方格纸上利用“数对”进行图形的放大与缩小的趣味性，激发数学兴趣。,2,1,1,3,3,2026-05-28T02:07:51.164000,2026-05-28T02:16:54.288000,
b9524ce276114336bc48003f5718978d,41,defense,math,数学,《可爱的小猫》,经历将“小猫乐乐”在方格纸上利用“数对”放大的探索过程，通过“填一填”“画一画”等活动，体会用“数对”的变化进行图形的放大与缩小的方法，积累数学活动经验。 | 在活动中体验图形的多种变化，感受在方格纸上利用“数对”进行图形的放大与缩小的趣味性，激发数学兴趣。,2,1,1,3,3,2026-05-28T02:08:17.904000,2026-05-28T02:17:27.163000,
02329085c48d43e9b84eedc709165344,23,defense,math,数学,《可爱的小猫》,经历将“小猫乐乐”在方格纸上利用“数对”放大的探索过程，通过“填一填”“画一画”等活动，体会用“数对”的变化进行图形的放大与缩小的方法，积累数学活动经验。 | 在活动中体验图形的多种变化，感受在方格纸上利用“数对”进行图形的放大与缩小的趣味性，激发数学兴趣。,2,1,0,1,1,2026-05-28T02:14:48.835000,2026-05-28T02:17:29.021000,
51d1dda69cc84de6b3994e33d456c7e2,4,defense,math,数学,《可爱的小猫》,经历将“小猫乐乐”在方格纸上利用“数对”放大的探索过程，通过“填一填”“画一画”等活动，体会用“数对”的变化进行图形的放大与缩小的方法，积累数学活动经验。 | 在活动中体验图形的多种变化，感受在方格纸上利用“数对”进行图形的放大与缩小的趣味性，激发数学兴趣。,2,1,0,0,0,2026-05-28T02:14:50.646000,2026-05-28T02:15:40.614000,
3992a17dd4a74de7b62058837288c760,46,defense,math,数学,《可爱的小猫》,经历将“小猫乐乐”在方格纸上利用“数对”放大的探索过程，通过“填一填”“画一画”等活动，体会用“数对”的变化进行图形的放大与缩小的方法，积累数学活动经验。 | 在活动中体验图形的多种变化，感受在方格纸上利用“数对”进行图形的放大与缩小的趣味性，激发数学兴趣。,2,1,0,0,0,2026-05-28T02:15:14.798000,2026-05-28T02:17:23.130000,
2e42899c36c746cd853cfe12a521a967,32,defense,math,数学,《可爱的小猫》,经历将“小猫乐乐”在方格纸上利用“数对”放大的探索过程，通过“填一填”“画一画”等活动，体会用“数对”的变化进行图形的放大与缩小的方法，积累数学活动经验。 | 在活动中体验图形的多种变化，感受在方格纸上利用“数对”进行图形的放大与缩小的趣味性，激发数学兴趣。,2,1,0,0,0,2026-05-28T02:15:38.217000,2026-05-28T02:20:22.237000,
13aa04b0bbc5473c8c1810cfad6e99b4,30,defense,math,数学,《可爱的小猫》,经历将“小猫乐乐”在方格纸上利用“数对”放大的探索过程，通过“填一填”“画一画”等活动，体会用“数对”的变化进行图形的放大与缩小的方法，积累数学活动经验。 | 在活动中体验图形的多种变化，感受在方格纸上利用“数对”进行图形的放大与缩小的趣味性，激发数学兴趣。,2,1,0,1,1,2026-05-28T02:16:32.385000,2026-05-28T02:29:40.887000,
e3a8110ea8784469b2cfdac52536345f,36,defense,math,数学,《可爱的小猫》,经历将“小猫乐乐”在方格纸上利用“数对”放大的探索过程，通过“填一填”“画一画”等活动，体会用“数对”的变化进行图形的放大与缩小的方法，积累数学活动经验。 | 在活动中体验图形的多种变化，感受在方格纸上利用“数对”进行图形的放大与缩小的趣味性，激发数学兴趣。,2,1,0,0,0,2026-05-28T02:16:48.069000,2026-05-28T02:18:06.514000,
b7aa2e2bfe744bb2a82e80cc37cb512f,27,defense,math,数学,《可爱的小猫》,经历将“小猫乐乐”在方格纸上利用“数对”放大的探索过程，通过“填一填”“画一画”等活动，体会用“数对”的变化进行图形的放大与缩小的方法，积累数学活动经验。 | 在活动中体验图形的多种变化，感受在方格纸上利用“数对”进行图形的放大与缩小的趣味性，激发数学兴趣。,2,1,0,0,0,2026-05-28T02:17:18.489000,2026-05-28T02:17:38.578000,
a1bce2b9686e4ca6b5f1c83476712f30,2,defense,math,数学,《可爱的小猫》,经历将“小猫乐乐”在方格纸上利用“数对”放大的探索过程，通过“填一填”“画一画”等活动，体会用“数对”的变化进行图形的放大与缩小的方法，积累数学活动经验。 | 在活动中体验图形的多种变化，感受在方格纸上利用“数对”进行图形的放大与缩小的趣味性，激发数学兴趣。,2,1,0,0,0,2026-05-28T02:19:43.956000,2026-05-28T02:21:19.855000,
94b181e961a641b6aa3af8608a89a32d,4号,defense,math,数学,《可爱的小猫》,经历将“小猫乐乐”在方格纸上利用“数对”放大的探索过程，通过“填一填”“画一画”等活动，体会用“数对”的变化进行图形的放大与缩小的方法，积累数学活动经验。 | 在活动中体验图形的多种变化，感受在方格纸上利用“数对”进行图形的放大与缩小的趣味性，激发数学兴趣。,2,1,0,0,0,2026-05-28T02:20:28.447000,2026-05-28T02:20:55.782000,
3d4477092d3d4cfb82586577890d4b1c,27,defense,math,数学,《可爱的小猫》,经历将“小猫乐乐”在方格纸上利用“数对”放大的探索过程，通过“填一填”“画一画”等活动，体会用“数对”的变化进行图形的放大与缩小的方法，积累数学活动经验。 | 在活动中体验图形的多种变化，感受在方格纸上利用“数对”进行图形的放大与缩小的趣味性，激发数学兴趣。,2,1,0,0,0,2026-05-28T02:21:01.822000,2026-05-28T02:21:22.510000,
354ef0f134e644d6806f11c4fc0f0a40,28,defense,math,数学,《可爱的小猫》,经历将“小猫乐乐”在方格纸上利用“数对”放大的探索过程，通过“填一填”“画一画”等活动，体会用“数对”的变化进行图形的放大与缩小的方法，积累数学活动经验。 | 在活动中体验图形的多种变化，感受在方格纸上利用“数对”进行图形的放大与缩小的趣味性，激发数学兴趣。,2,1,0,0,0,2026-05-28T02:21:48.104000,2026-05-28T02:23:31.545000,
153f88f4ab714aebb5ed5b63aaa85a32,4,defense,math,数学,《可爱的小猫》,经历将“小猫乐乐”在方格纸上利用“数对”放大的探索过程，通过“填一填”“画一画”等活动，体会用“数对”的变化进行图形的放大与缩小的方法，积累数学活动经验。 | 在活动中体验图形的多种变化，感受在方格纸上利用“数对”进行图形的放大与缩小的趣味性，激发数学兴趣。,2,1,0,0,0,2026-05-28T02:22:11.296000,2026-05-28T02:23:07.372000,
c5d67a1127d54c8aa706b1826d4e541b,47,defense,math,数学,《可爱的小猫》,经历将“小猫乐乐”在方格纸上利用“数对”放大的探索过程，通过“填一填”“画一画”等活动，体会用“数对”的变化进行图形的放大与缩小的方法，积累数学活动经验。 | 在活动中体验图形的多种变化，感受在方格纸上利用“数对”进行图形的放大与缩小的趣味性，激发数学兴趣。,2,1,0,0,0,2026-05-28T02:23:10.774000,2026-05-28T02:25:04.864000,
a971216b7b594eb9a44d0b30579d1f10,31,defense,math,数学,《可爱的小猫》,经历将“小猫乐乐”在方格纸上利用“数对”放大的探索过程，通过“填一填”“画一画”等活动，体会用“数对”的变化进行图形的放大与缩小的方法，积累数学活动经验。 | 在活动中体验图形的多种变化，感受在方格纸上利用“数对”进行图形的放大与缩小的趣味性，激发数学兴趣。,2,1,0,0,0,2026-05-28T02:23:54.109000,2026-05-28T02:25:41.454000,
5440b4482e5b4aa0800a1a6253001a58,36,defense,math,数学,《可爱的小猫》,经历将“小猫乐乐”在方格纸上利用“数对”放大的探索过程，通过“填一填”“画一画”等活动，体会用“数对”的变化进行图形的放大与缩小的方法，积累数学活动经验。 | 在活动中体验图形的多种变化，感受在方格纸上利用“数对”进行图形的放大与缩小的趣味性，激发数学兴趣。,2,1,0,0,0,2026-05-28T02:24:09.619000,2026-05-28T02:25:51.628000,
fc379f78b1ae4b1c9d7b17148b412931,48,defense,math,数学,《可爱的小猫》,经历将“小猫乐乐”在方格纸上利用“数对”放大的探索过程，通过“填一填”“画一画”等活动，体会用“数对”的变化进行图形的放大与缩小的方法，积累数学活动经验。 | 在活动中体验图形的多种变化，感受在方格纸上利用“数对”进行图形的放大与缩小的趣味性，激发数学兴趣。,2,1,0,0,0,2026-05-28T02:25:34.691000,2026-05-28T02:26:52.144000,
52d58862ddc8468d8a43ac52d1175674,27,defense,math,数学,《可爱的小猫》,经历将“小猫乐乐”在方格纸上利用“数对”放大的探索过程，通过“填一填”“画一画”等活动，体会用“数对”的变化进行图形的放大与缩小的方法，积累数学活动经验。 | 在活动中体验图形的多种变化，感受在方格纸上利用“数对”进行图形的放大与缩小的趣味性，激发数学兴趣。,2,1,0,0,0,2026-05-28T02:25:52.774000,2026-05-28T02:26:13.537000,
8b55bd6ad65c492593e83ace727895fc,47,defense,math,数学,《可爱的小猫》,经历将“小猫乐乐”在方格纸上利用“数对”放大的探索过程，通过“填一填”“画一画”等活动，体会用“数对”的变化进行图形的放大与缩小的方法，积累数学活动经验。 | 在活动中体验图形的多种变化，感受在方格纸上利用“数对”进行图形的放大与缩小的趣味性，激发数学兴趣。,2,1,0,0,0,2026-05-28T02:26:15.961000,2026-05-28T02:26:51.765000,
142a6db4fca14a13920065b3b1f8cdb7,32,reflection,math,数学,《可爱的小猫》,经历将“小猫乐乐”在方格纸上利用“数对”放大的探索过程，通过“填一填”“画一画”等活动，体会用“数对”的变化进行图形的放大与缩小的方法，积累数学活动经验。 | 在活动中体验图形的多种变化，感受在方格纸上利用“数对”进行图形的放大与缩小的趣味性，激发数学兴趣。,2,1,0,0,0,2026-05-28T02:26:18.278000,2026-05-28T02:28:37.735000,
2bf6e45de03b49ce9a0f5a7667dd26df,47,complete,science,科学,《厨房里的物质变化》,能列举生活中常见的物理变化（如水结冰、盐溶解）和化学变化（如苹果氧化、铁锅生锈）实例，并用“是否产生新物质”这一核心标准对物质变化进行初步分类。 | 通过观察厨房中水、食盐、苹果等物质的状态与特征，运用比较、分析、归纳的方法，自主建构物理变化和化学变化的概念模型。 | 能够针对厨房中的特定现象（如切菜、烧水、煎蛋），准确描述其变化前后的特征，并能基于观察提出可探究方法。 | 在探究活动中体会科学与生活的紧密联系，感受物质变化的奇妙，初步树立安全用火、合理处理厨余垃圾的生活责任意识。,4,1,4,5,5,2026-05-28T03:27:52.818000,2026-05-28T03:42:49.571000,2026-05-28T03:42:49.260000
8686ac17eee846eb9c7ce70b3cc78309,9,complete,science,科学,《厨房里的物质变化》,能列举生活中常见的物理变化（如水结冰、盐溶解）和化学变化（如苹果氧化、铁锅生锈）实例，并用“是否产生新物质”这一核心标准对物质变化进行初步分类。 | 通过观察厨房中水、食盐、苹果等物质的状态与特征，运用比较、分析、归纳的方法，自主建构物理变化和化学变化的概念模型。 | 能够针对厨房中的特定现象（如切菜、烧水、煎蛋），准确描述其变化前后的特征，并能基于观察提出可探究方法。 | 在探究活动中体会科学与生活的紧密联系，感受物质变化的奇妙，初步树立安全用火、合理处理厨余垃圾的生活责任意识。,4,1,4,5,5,2026-05-28T03:27:53.662000,2026-05-28T03:36:39.236000,2026-05-28T03:36:38.955000
3ac3618bf69e4bce87ee86bdd7ab45ce,24,complete,science,科学,《厨房里的物质变化》,能列举生活中常见的物理变化（如水结冰、盐溶解）和化学变化（如苹果氧化、铁锅生锈）实例，并用“是否产生新物质”这一核心标准对物质变化进行初步分类。 | 通过观察厨房中水、食盐、苹果等物质的状态与特征，运用比较、分析、归纳的方法，自主建构物理变化和化学变化的概念模型。 | 能够针对厨房中的特定现象（如切菜、烧水、煎蛋），准确描述其变化前后的特征，并能基于观察提出可探究方法。 | 在探究活动中体会科学与生活的紧密联系，感受物质变化的奇妙，初步树立安全用火、合理处理厨余垃圾的生活责任意识。,4,1,4,5,5,2026-05-28T03:27:57.310000,2026-05-28T03:41:14.362000,2026-05-28T03:41:14.218000
9e13154a719b4568a7545db96ae41399,21,complete,science,科学,《厨房里的物质变化》,能列举生活中常见的物理变化（如水结冰、盐溶解）和化学变化（如苹果氧化、铁锅生锈）实例，并用“是否产生新物质”这一核心标准对物质变化进行初步分类。 | 通过观察厨房中水、食盐、苹果等物质的状态与特征，运用比较、分析、归纳的方法，自主建构物理变化和化学变化的概念模型。 | 能够针对厨房中的特定现象（如切菜、烧水、煎蛋），准确描述其变化前后的特征，并能基于观察提出可探究方法。 | 在探究活动中体会科学与生活的紧密联系，感受物质变化的奇妙，初步树立安全用火、合理处理厨余垃圾的生活责任意识。,4,1,4,5,5,2026-05-28T03:27:59.507000,2026-05-28T03:46:19.070000,2026-05-28T03:46:18.390000
d515f1485a784470932d2f7229d16353,31,complete,science,科学,《厨房里的物质变化》,能列举生活中常见的物理变化（如水结冰、盐溶解）和化学变化（如苹果氧化、铁锅生锈）实例，并用“是否产生新物质”这一核心标准对物质变化进行初步分类。 | 通过观察厨房中水、食盐、苹果等物质的状态与特征，运用比较、分析、归纳的方法，自主建构物理变化和化学变化的概念模型。 | 能够针对厨房中的特定现象（如切菜、烧水、煎蛋），准确描述其变化前后的特征，并能基于观察提出可探究方法。 | 在探究活动中体会科学与生活的紧密联系，感受物质变化的奇妙，初步树立安全用火、合理处理厨余垃圾的生活责任意识。,4,1,4,5,5,2026-05-28T03:27:59.601000,2026-05-28T03:37:11.514000,2026-05-28T03:37:11.642000
dc767e9f91a84de382c415741b61e807,42,complete,science,科学,《厨房里的物质变化》,能列举生活中常见的物理变化（如水结冰、盐溶解）和化学变化（如苹果氧化、铁锅生锈）实例，并用“是否产生新物质”这一核心标准对物质变化进行初步分类。 | 通过观察厨房中水、食盐、苹果等物质的状态与特征，运用比较、分析、归纳的方法，自主建构物理变化和化学变化的概念模型。 | 能够针对厨房中的特定现象（如切菜、烧水、煎蛋），准确描述其变化前后的特征，并能基于观察提出可探究方法。 | 在探究活动中体会科学与生活的紧密联系，感受物质变化的奇妙，初步树立安全用火、合理处理厨余垃圾的生活责任意识。,4,1,4,5,5,2026-05-28T03:28:00.762000,2026-05-28T03:36:24.535000,2026-05-28T03:36:23.926000
032655a90f5d46edb4560e9e01a48618,28,complete,science,科学,《厨房里的物质变化》,能列举生活中常见的物理变化（如水结冰、盐溶解）和化学变化（如苹果氧化、铁锅生锈）实例，并用“是否产生新物质”这一核心标准对物质变化进行初步分类。 | 通过观察厨房中水、食盐、苹果等物质的状态与特征，运用比较、分析、归纳的方法，自主建构物理变化和化学变化的概念模型。 | 能够针对厨房中的特定现象（如切菜、烧水、煎蛋），准确描述其变化前后的特征，并能基于观察提出可探究方法。 | 在探究活动中体会科学与生活的紧密联系，感受物质变化的奇妙，初步树立安全用火、合理处理厨余垃圾的生活责任意识。,4,1,4,5,5,2026-05-28T03:28:16.068000,2026-05-28T03:35:29.712000,2026-05-28T03:35:29.518000
9e204997ff1243dcb032c49dded94751,14,complete,science,科学,《厨房里的物质变化》,能列举生活中常见的物理变化（如水结冰、盐溶解）和化学变化（如苹果氧化、铁锅生锈）实例，并用“是否产生新物质”这一核心标准对物质变化进行初步分类。 | 通过观察厨房中水、食盐、苹果等物质的状态与特征，运用比较、分析、归纳的方法，自主建构物理变化和化学变化的概念模型。 | 能够针对厨房中的特定现象（如切菜、烧水、煎蛋），准确描述其变化前后的特征，并能基于观察提出可探究方法。 | 在探究活动中体会科学与生活的紧密联系，感受物质变化的奇妙，初步树立安全用火、合理处理厨余垃圾的生活责任意识。,4,1,4,5,5,2026-05-28T03:28:18.019000,2026-05-28T03:36:58.630000,2026-05-28T03:36:58.233000
218996fbaf4943258149c658c60d1120,4,complete,science,科学,《厨房里的物质变化》,能列举生活中常见的物理变化（如水结冰、盐溶解）和化学变化（如苹果氧化、铁锅生锈）实例，并用“是否产生新物质”这一核心标准对物质变化进行初步分类。 | 通过观察厨房中水、食盐、苹果等物质的状态与特征，运用比较、分析、归纳的方法，自主建构物理变化和化学变化的概念模型。 | 能够针对厨房中的特定现象（如切菜、烧水、煎蛋），准确描述其变化前后的特征，并能基于观察提出可探究方法。 | 在探究活动中体会科学与生活的紧密联系，感受物质变化的奇妙，初步树立安全用火、合理处理厨余垃圾的生活责任意识。,4,1,4,5,5,2026-05-28T03:28:22.239000,2026-05-28T03:37:22.394000,2026-05-28T03:37:21.837000
8f72d667a57644c9987d553aecf602c0,34,complete,science,科学,《厨房里的物质变化》,能列举生活中常见的物理变化（如水结冰、盐溶解）和化学变化（如苹果氧化、铁锅生锈）实例，并用“是否产生新物质”这一核心标准对物质变化进行初步分类。 | 通过观察厨房中水、食盐、苹果等物质的状态与特征，运用比较、分析、归纳的方法，自主建构物理变化和化学变化的概念模型。 | 能够针对厨房中的特定现象（如切菜、烧水、煎蛋），准确描述其变化前后的特征，并能基于观察提出可探究方法。 | 在探究活动中体会科学与生活的紧密联系，感受物质变化的奇妙，初步树立安全用火、合理处理厨余垃圾的生活责任意识。,4,1,4,5,5,2026-05-28T03:28:31.089000,2026-05-28T03:46:54.190000,2026-05-28T03:46:52.959000
b818aeb93ab34652be26861827f54707,19,complete,science,科学,《厨房里的物质变化》,能列举生活中常见的物理变化（如水结冰、盐溶解）和化学变化（如苹果氧化、铁锅生锈）实例，并用“是否产生新物质”这一核心标准对物质变化进行初步分类。 | 通过观察厨房中水、食盐、苹果等物质的状态与特征，运用比较、分析、归纳的方法，自主建构物理变化和化学变化的概念模型。 | 能够针对厨房中的特定现象（如切菜、烧水、煎蛋），准确描述其变化前后的特征，并能基于观察提出可探究方法。 | 在探究活动中体会科学与生活的紧密联系，感受物质变化的奇妙，初步树立安全用火、合理处理厨余垃圾的生活责任意识。,4,1,4,5,5,2026-05-28T03:28:41.425000,2026-05-28T03:37:37.528000,2026-05-28T03:37:37.700000
8da7d5f43f8a4908939bf9dd7b09cdd2,13,complete,science,科学,《厨房里的物质变化》,能列举生活中常见的物理变化（如水结冰、盐溶解）和化学变化（如苹果氧化、铁锅生锈）实例，并用“是否产生新物质”这一核心标准对物质变化进行初步分类。 | 通过观察厨房中水、食盐、苹果等物质的状态与特征，运用比较、分析、归纳的方法，自主建构物理变化和化学变化的概念模型。 | 能够针对厨房中的特定现象（如切菜、烧水、煎蛋），准确描述其变化前后的特征，并能基于观察提出可探究方法。 | 在探究活动中体会科学与生活的紧密联系，感受物质变化的奇妙，初步树立安全用火、合理处理厨余垃圾的生活责任意识。,4,1,4,5,5,2026-05-28T03:28:47.218000,2026-05-28T03:42:19.571000,2026-05-28T03:42:19.007000
525a15b07d2144dbaa587a52ed57a930,45,defense,science,科学,《厨房里的物质变化》,能列举生活中常见的物理变化（如水结冰、盐溶解）和化学变化（如苹果氧化、铁锅生锈）实例，并用“是否产生新物质”这一核心标准对物质变化进行初步分类。 | 通过观察厨房中水、食盐、苹果等物质的状态与特征，运用比较、分析、归纳的方法，自主建构物理变化和化学变化的概念模型。 | 能够针对厨房中的特定现象（如切菜、烧水、煎蛋），准确描述其变化前后的特征，并能基于观察提出可探究方法。 | 在探究活动中体会科学与生活的紧密联系，感受物质变化的奇妙，初步树立安全用火、合理处理厨余垃圾的生活责任意识。,4,1,2,2,2,2026-05-28T03:28:48.181000,2026-05-28T03:34:12.608000,
fea720bd8f784195833e62f0e5012be1,3,complete,science,科学,《厨房里的物质变化》,能列举生活中常见的物理变化（如水结冰、盐溶解）和化学变化（如苹果氧化、铁锅生锈）实例，并用“是否产生新物质”这一核心标准对物质变化进行初步分类。 | 通过观察厨房中水、食盐、苹果等物质的状态与特征，运用比较、分析、归纳的方法，自主建构物理变化和化学变化的概念模型。 | 能够针对厨房中的特定现象（如切菜、烧水、煎蛋），准确描述其变化前后的特征，并能基于观察提出可探究方法。 | 在探究活动中体会科学与生活的紧密联系，感受物质变化的奇妙，初步树立安全用火、合理处理厨余垃圾的生活责任意识。,4,1,4,5,5,2026-05-28T03:28:49.846000,2026-05-28T03:40:39.348000,2026-05-28T03:40:38.012000
aac7373560cc43d2823294b10143fff9,20,complete,science,科学,《厨房里的物质变化》,能列举生活中常见的物理变化（如水结冰、盐溶解）和化学变化（如苹果氧化、铁锅生锈）实例，并用“是否产生新物质”这一核心标准对物质变化进行初步分类。 | 通过观察厨房中水、食盐、苹果等物质的状态与特征，运用比较、分析、归纳的方法，自主建构物理变化和化学变化的概念模型。 | 能够针对厨房中的特定现象（如切菜、烧水、煎蛋），准确描述其变化前后的特征，并能基于观察提出可探究方法。 | 在探究活动中体会科学与生活的紧密联系，感受物质变化的奇妙，初步树立安全用火、合理处理厨余垃圾的生活责任意识。,4,1,4,5,5,2026-05-28T03:28:50.499000,2026-05-28T03:39:41.029000,2026-05-28T03:39:40.465000
87fbadd962794d608111579898b0b16a,40,complete,science,科学,《厨房里的物质变化》,能列举生活中常见的物理变化（如水结冰、盐溶解）和化学变化（如苹果氧化、铁锅生锈）实例，并用“是否产生新物质”这一核心标准对物质变化进行初步分类。 | 通过观察厨房中水、食盐、苹果等物质的状态与特征，运用比较、分析、归纳的方法，自主建构物理变化和化学变化的概念模型。 | 能够针对厨房中的特定现象（如切菜、烧水、煎蛋），准确描述其变化前后的特征，并能基于观察提出可探究方法。 | 在探究活动中体会科学与生活的紧密联系，感受物质变化的奇妙，初步树立安全用火、合理处理厨余垃圾的生活责任意识。,4,1,3,5,5,2026-05-28T03:28:52.623000,2026-05-28T03:41:00.838000,2026-05-28T03:41:00.631000
0ea178d3b6224d72bbc0304efe490729,7,complete,science,科学,《厨房里的物质变化》,能列举生活中常见的物理变化（如水结冰、盐溶解）和化学变化（如苹果氧化、铁锅生锈）实例，并用“是否产生新物质”这一核心标准对物质变化进行初步分类。 | 通过观察厨房中水、食盐、苹果等物质的状态与特征，运用比较、分析、归纳的方法，自主建构物理变化和化学变化的概念模型。 | 能够针对厨房中的特定现象（如切菜、烧水、煎蛋），准确描述其变化前后的特征，并能基于观察提出可探究方法。 | 在探究活动中体会科学与生活的紧密联系，感受物质变化的奇妙，初步树立安全用火、合理处理厨余垃圾的生活责任意识。,4,1,4,5,5,2026-05-28T03:29:03.716000,2026-05-28T03:37:55.254000,2026-05-28T03:37:54.668000
98fe8f9938f74c26b7971726ce9a6f08,36,complete,science,科学,《厨房里的物质变化》,能列举生活中常见的物理变化（如水结冰、盐溶解）和化学变化（如苹果氧化、铁锅生锈）实例，并用“是否产生新物质”这一核心标准对物质变化进行初步分类。 | 通过观察厨房中水、食盐、苹果等物质的状态与特征，运用比较、分析、归纳的方法，自主建构物理变化和化学变化的概念模型。 | 能够针对厨房中的特定现象（如切菜、烧水、煎蛋），准确描述其变化前后的特征，并能基于观察提出可探究方法。 | 在探究活动中体会科学与生活的紧密联系，感受物质变化的奇妙，初步树立安全用火、合理处理厨余垃圾的生活责任意识。,4,1,4,5,5,2026-05-28T03:29:05.434000,2026-05-28T03:40:42.477000,2026-05-28T03:40:41.431000
bb34f27a16f34e7caa55b9448ed2cd75,37,complete,science,科学,《厨房里的物质变化》,能列举生活中常见的物理变化（如水结冰、盐溶解）和化学变化（如苹果氧化、铁锅生锈）实例，并用“是否产生新物质”这一核心标准对物质变化进行初步分类。 | 通过观察厨房中水、食盐、苹果等物质的状态与特征，运用比较、分析、归纳的方法，自主建构物理变化和化学变化的概念模型。 | 能够针对厨房中的特定现象（如切菜、烧水、煎蛋），准确描述其变化前后的特征，并能基于观察提出可探究方法。 | 在探究活动中体会科学与生活的紧密联系，感受物质变化的奇妙，初步树立安全用火、合理处理厨余垃圾的生活责任意识。,4,1,4,5,5,2026-05-28T03:29:07.392000,2026-05-28T03:38:50.495000,2026-05-28T03:38:49.672000
3035001a22044d3980ea96fefc632153,27,complete,science,科学,《厨房里的物质变化》,能列举生活中常见的物理变化（如水结冰、盐溶解）和化学变化（如苹果氧化、铁锅生锈）实例，并用“是否产生新物质”这一核心标准对物质变化进行初步分类。 | 通过观察厨房中水、食盐、苹果等物质的状态与特征，运用比较、分析、归纳的方法，自主建构物理变化和化学变化的概念模型。 | 能够针对厨房中的特定现象（如切菜、烧水、煎蛋），准确描述其变化前后的特征，并能基于观察提出可探究方法。 | 在探究活动中体会科学与生活的紧密联系，感受物质变化的奇妙，初步树立安全用火、合理处理厨余垃圾的生活责任意识。,4,1,4,5,5,2026-05-28T03:29:08.075000,2026-05-28T03:41:00.179000,2026-05-28T03:41:00.691000
3e421096410f4e7cb892aa18c19d15de,32,complete,science,科学,《厨房里的物质变化》,能列举生活中常见的物理变化（如水结冰、盐溶解）和化学变化（如苹果氧化、铁锅生锈）实例，并用“是否产生新物质”这一核心标准对物质变化进行初步分类。 | 通过观察厨房中水、食盐、苹果等物质的状态与特征，运用比较、分析、归纳的方法，自主建构物理变化和化学变化的概念模型。 | 能够针对厨房中的特定现象（如切菜、烧水、煎蛋），准确描述其变化前后的特征，并能基于观察提出可探究方法。 | 在探究活动中体会科学与生活的紧密联系，感受物质变化的奇妙，初步树立安全用火、合理处理厨余垃圾的生活责任意识。,4,1,3,5,5,2026-05-28T03:29:35.676000,2026-05-28T03:50:46.936000,2026-05-28T03:50:46.295000
2047034e88b246e88806e2591d5fe6c5,10,complete,science,科学,《厨房里的物质变化》,能列举生活中常见的物理变化（如水结冰、盐溶解）和化学变化（如苹果氧化、铁锅生锈）实例，并用“是否产生新物质”这一核心标准对物质变化进行初步分类。 | 通过观察厨房中水、食盐、苹果等物质的状态与特征，运用比较、分析、归纳的方法，自主建构物理变化和化学变化的概念模型。 | 能够针对厨房中的特定现象（如切菜、烧水、煎蛋），准确描述其变化前后的特征，并能基于观察提出可探究方法。 | 在探究活动中体会科学与生活的紧密联系，感受物质变化的奇妙，初步树立安全用火、合理处理厨余垃圾的生活责任意识。,4,1,3,5,5,2026-05-28T03:29:47.881000,2026-05-28T03:39:50.876000,2026-05-28T03:39:50.192000
4878391969fa4a15af19e670b116c97e,1,complete,science,科学,《厨房里的物质变化》,能列举生活中常见的物理变化（如水结冰、盐溶解）和化学变化（如苹果氧化、铁锅生锈）实例，并用“是否产生新物质”这一核心标准对物质变化进行初步分类。 | 通过观察厨房中水、食盐、苹果等物质的状态与特征，运用比较、分析、归纳的方法，自主建构物理变化和化学变化的概念模型。 | 能够针对厨房中的特定现象（如切菜、烧水、煎蛋），准确描述其变化前后的特征，并能基于观察提出可探究方法。 | 在探究活动中体会科学与生活的紧密联系，感受物质变化的奇妙，初步树立安全用火、合理处理厨余垃圾的生活责任意识。,4,1,4,5,5,2026-05-28T03:29:59.208000,2026-05-28T03:37:50.802000,2026-05-28T03:37:51.134000
7d9175e495e84ad19a4d45d0ceb0a2ae,16,complete,science,科学,《厨房里的物质变化》,能列举生活中常见的物理变化（如水结冰、盐溶解）和化学变化（如苹果氧化、铁锅生锈）实例，并用“是否产生新物质”这一核心标准对物质变化进行初步分类。 | 通过观察厨房中水、食盐、苹果等物质的状态与特征，运用比较、分析、归纳的方法，自主建构物理变化和化学变化的概念模型。 | 能够针对厨房中的特定现象（如切菜、烧水、煎蛋），准确描述其变化前后的特征，并能基于观察提出可探究方法。 | 在探究活动中体会科学与生活的紧密联系，感受物质变化的奇妙，初步树立安全用火、合理处理厨余垃圾的生活责任意识。,4,1,4,5,5,2026-05-28T03:30:06.800000,2026-05-28T03:41:45.101000,2026-05-28T03:41:44.535000
072eb362fa264e33bc4d1739c87b34ab,5,complete,science,科学,《厨房里的物质变化》,能列举生活中常见的物理变化（如水结冰、盐溶解）和化学变化（如苹果氧化、铁锅生锈）实例，并用“是否产生新物质”这一核心标准对物质变化进行初步分类。 | 通过观察厨房中水、食盐、苹果等物质的状态与特征，运用比较、分析、归纳的方法，自主建构物理变化和化学变化的概念模型。 | 能够针对厨房中的特定现象（如切菜、烧水、煎蛋），准确描述其变化前后的特征，并能基于观察提出可探究方法。 | 在探究活动中体会科学与生活的紧密联系，感受物质变化的奇妙，初步树立安全用火、合理处理厨余垃圾的生活责任意识。,4,1,4,5,5,2026-05-28T03:30:13.936000,2026-05-28T03:43:47.161000,2026-05-28T03:43:48.405000
378eb07ed3a1452c87dc59f269933407,17,complete,science,科学,《厨房里的物质变化》,能列举生活中常见的物理变化（如水结冰、盐溶解）和化学变化（如苹果氧化、铁锅生锈）实例，并用“是否产生新物质”这一核心标准对物质变化进行初步分类。 | 通过观察厨房中水、食盐、苹果等物质的状态与特征，运用比较、分析、归纳的方法，自主建构物理变化和化学变化的概念模型。 | 能够针对厨房中的特定现象（如切菜、烧水、煎蛋），准确描述其变化前后的特征，并能基于观察提出可探究方法。 | 在探究活动中体会科学与生活的紧密联系，感受物质变化的奇妙，初步树立安全用火、合理处理厨余垃圾的生活责任意识。,4,1,4,5,5,2026-05-28T03:30:15.723000,2026-05-28T03:41:00.659000,2026-05-28T03:41:01.133000
e035177fe64b41ea8e68e43d85e696c6,12,complete,science,科学,《厨房里的物质变化》,能列举生活中常见的物理变化（如水结冰、盐溶解）和化学变化（如苹果氧化、铁锅生锈）实例，并用“是否产生新物质”这一核心标准对物质变化进行初步分类。 | 通过观察厨房中水、食盐、苹果等物质的状态与特征，运用比较、分析、归纳的方法，自主建构物理变化和化学变化的概念模型。 | 能够针对厨房中的特定现象（如切菜、烧水、煎蛋），准确描述其变化前后的特征，并能基于观察提出可探究方法。 | 在探究活动中体会科学与生活的紧密联系，感受物质变化的奇妙，初步树立安全用火、合理处理厨余垃圾的生活责任意识。,4,1,4,5,5,2026-05-28T03:30:20.592000,2026-05-28T03:44:36.127000,2026-05-28T03:44:36.271000
6a87f4c7c5834a95b7f35dfc5badab5d,38,student-id,science,科学,《厨房里的物质变化》,能列举生活中常见的物理变化（如水结冰、盐溶解）和化学变化（如苹果氧化、铁锅生锈）实例，并用“是否产生新物质”这一核心标准对物质变化进行初步分类。 | 通过观察厨房中水、食盐、苹果等物质的状态与特征，运用比较、分析、归纳的方法，自主建构物理变化和化学变化的概念模型。 | 能够针对厨房中的特定现象（如切菜、烧水、煎蛋），准确描述其变化前后的特征，并能基于观察提出可探究方法。 | 在探究活动中体会科学与生活的紧密联系，感受物质变化的奇妙，初步树立安全用火、合理处理厨余垃圾的生活责任意识。,4,1,0,0,0,2026-05-28T03:30:59.713000,2026-05-28T03:31:33.027000,
27ea6a2d60514128912207248f0c8b86,23,complete,science,科学,《厨房里的物质变化》,能列举生活中常见的物理变化（如水结冰、盐溶解）和化学变化（如苹果氧化、铁锅生锈）实例，并用“是否产生新物质”这一核心标准对物质变化进行初步分类。 | 通过观察厨房中水、食盐、苹果等物质的状态与特征，运用比较、分析、归纳的方法，自主建构物理变化和化学变化的概念模型。 | 能够针对厨房中的特定现象（如切菜、烧水、煎蛋），准确描述其变化前后的特征，并能基于观察提出可探究方法。 | 在探究活动中体会科学与生活的紧密联系，感受物质变化的奇妙，初步树立安全用火、合理处理厨余垃圾的生活责任意识。,4,1,4,5,5,2026-05-28T03:30:59.922000,2026-05-28T03:42:01.269000,2026-05-28T03:41:59.695000
3d3f6882a3d1435c8ca997257167b69c,2,complete,science,科学,《厨房里的物质变化》,能列举生活中常见的物理变化（如水结冰、盐溶解）和化学变化（如苹果氧化、铁锅生锈）实例，并用“是否产生新物质”这一核心标准对物质变化进行初步分类。 | 通过观察厨房中水、食盐、苹果等物质的状态与特征，运用比较、分析、归纳的方法，自主建构物理变化和化学变化的概念模型。 | 能够针对厨房中的特定现象（如切菜、烧水、煎蛋），准确描述其变化前后的特征，并能基于观察提出可探究方法。 | 在探究活动中体会科学与生活的紧密联系，感受物质变化的奇妙，初步树立安全用火、合理处理厨余垃圾的生活责任意识。,4,1,3,5,5,2026-05-28T03:31:01.136000,2026-05-28T03:44:50.598000,2026-05-28T03:44:50.479000
cf841ef9b5f64e2ba14f4dbea86bc989,30,complete,science,科学,《厨房里的物质变化》,能列举生活中常见的物理变化（如水结冰、盐溶解）和化学变化（如苹果氧化、铁锅生锈）实例，并用“是否产生新物质”这一核心标准对物质变化进行初步分类。 | 通过观察厨房中水、食盐、苹果等物质的状态与特征，运用比较、分析、归纳的方法，自主建构物理变化和化学变化的概念模型。 | 能够针对厨房中的特定现象（如切菜、烧水、煎蛋），准确描述其变化前后的特征，并能基于观察提出可探究方法。 | 在探究活动中体会科学与生活的紧密联系，感受物质变化的奇妙，初步树立安全用火、合理处理厨余垃圾的生活责任意识。,4,1,4,5,5,2026-05-28T03:31:01.925000,2026-05-28T03:40:26.130000,2026-05-28T03:40:26.353000
794b64a225d049ddb3bf8c8b1b640b71,29,complete,science,科学,《厨房里的物质变化》,能列举生活中常见的物理变化（如水结冰、盐溶解）和化学变化（如苹果氧化、铁锅生锈）实例，并用“是否产生新物质”这一核心标准对物质变化进行初步分类。 | 通过观察厨房中水、食盐、苹果等物质的状态与特征，运用比较、分析、归纳的方法，自主建构物理变化和化学变化的概念模型。 | 能够针对厨房中的特定现象（如切菜、烧水、煎蛋），准确描述其变化前后的特征，并能基于观察提出可探究方法。 | 在探究活动中体会科学与生活的紧密联系，感受物质变化的奇妙，初步树立安全用火、合理处理厨余垃圾的生活责任意识。,4,1,4,5,5,2026-05-28T03:31:12.918000,2026-05-28T03:40:54.182000,2026-05-28T03:40:53.624000
1789e2e7fa1143e196a9a66052d8109f,25,defense,science,科学,《厨房里的物质变化》,能列举生活中常见的物理变化（如水结冰、盐溶解）和化学变化（如苹果氧化、铁锅生锈）实例，并用“是否产生新物质”这一核心标准对物质变化进行初步分类。 | 通过观察厨房中水、食盐、苹果等物质的状态与特征，运用比较、分析、归纳的方法，自主建构物理变化和化学变化的概念模型。 | 能够针对厨房中的特定现象（如切菜、烧水、煎蛋），准确描述其变化前后的特征，并能基于观察提出可探究方法。 | 在探究活动中体会科学与生活的紧密联系，感受物质变化的奇妙，初步树立安全用火、合理处理厨余垃圾的生活责任意识。,4,1,4,4,4,2026-05-28T03:31:19.036000,2026-05-28T03:39:09.041000,
378dddfdf32d4ffebcb0a33fc218ade9,11,complete,science,科学,《厨房里的物质变化》,能列举生活中常见的物理变化（如水结冰、盐溶解）和化学变化（如苹果氧化、铁锅生锈）实例，并用“是否产生新物质”这一核心标准对物质变化进行初步分类。 | 通过观察厨房中水、食盐、苹果等物质的状态与特征，运用比较、分析、归纳的方法，自主建构物理变化和化学变化的概念模型。 | 能够针对厨房中的特定现象（如切菜、烧水、煎蛋），准确描述其变化前后的特征，并能基于观察提出可探究方法。 | 在探究活动中体会科学与生活的紧密联系，感受物质变化的奇妙，初步树立安全用火、合理处理厨余垃圾的生活责任意识。,4,1,4,5,5,2026-05-28T03:31:34.257000,2026-05-28T03:41:45.259000,2026-05-28T03:41:44.692000
4b34a8574a494f938763d72e23fff15c,38,complete,science,科学,《厨房里的物质变化》,能列举生活中常见的物理变化（如水结冰、盐溶解）和化学变化（如苹果氧化、铁锅生锈）实例，并用“是否产生新物质”这一核心标准对物质变化进行初步分类。 | 通过观察厨房中水、食盐、苹果等物质的状态与特征，运用比较、分析、归纳的方法，自主建构物理变化和化学变化的概念模型。 | 能够针对厨房中的特定现象（如切菜、烧水、煎蛋），准确描述其变化前后的特征，并能基于观察提出可探究方法。 | 在探究活动中体会科学与生活的紧密联系，感受物质变化的奇妙，初步树立安全用火、合理处理厨余垃圾的生活责任意识。,4,1,4,5,5,2026-05-28T03:31:36.417000,2026-05-28T03:44:09.113000,2026-05-28T03:44:08.832000
a2ead5a04b1b4ad9ac3e4b473d4ae396,18,defense,science,科学,《厨房里的物质变化》,能列举生活中常见的物理变化（如水结冰、盐溶解）和化学变化（如苹果氧化、铁锅生锈）实例，并用“是否产生新物质”这一核心标准对物质变化进行初步分类。 | 通过观察厨房中水、食盐、苹果等物质的状态与特征，运用比较、分析、归纳的方法，自主建构物理变化和化学变化的概念模型。 | 能够针对厨房中的特定现象（如切菜、烧水、煎蛋），准确描述其变化前后的特征，并能基于观察提出可探究方法。 | 在探究活动中体会科学与生活的紧密联系，感受物质变化的奇妙，初步树立安全用火、合理处理厨余垃圾的生活责任意识。,4,1,0,0,0,2026-05-28T03:31:54.731000,2026-05-28T03:33:24.084000,
dc346054d2fa4731890bb7bdfdbf79f3,15,complete,science,科学,《厨房里的物质变化》,能列举生活中常见的物理变化（如水结冰、盐溶解）和化学变化（如苹果氧化、铁锅生锈）实例，并用“是否产生新物质”这一核心标准对物质变化进行初步分类。 | 通过观察厨房中水、食盐、苹果等物质的状态与特征，运用比较、分析、归纳的方法，自主建构物理变化和化学变化的概念模型。 | 能够针对厨房中的特定现象（如切菜、烧水、煎蛋），准确描述其变化前后的特征，并能基于观察提出可探究方法。 | 在探究活动中体会科学与生活的紧密联系，感受物质变化的奇妙，初步树立安全用火、合理处理厨余垃圾的生活责任意识。,4,1,3,5,5,2026-05-28T03:31:57.474000,2026-05-28T03:44:51.709000,2026-05-28T03:44:55.389000
d9a5318be9f44934a93cc16b37800223,41,complete,science,科学,《厨房里的物质变化》,能列举生活中常见的物理变化（如水结冰、盐溶解）和化学变化（如苹果氧化、铁锅生锈）实例，并用“是否产生新物质”这一核心标准对物质变化进行初步分类。 | 通过观察厨房中水、食盐、苹果等物质的状态与特征，运用比较、分析、归纳的方法，自主建构物理变化和化学变化的概念模型。 | 能够针对厨房中的特定现象（如切菜、烧水、煎蛋），准确描述其变化前后的特征，并能基于观察提出可探究方法。 | 在探究活动中体会科学与生活的紧密联系，感受物质变化的奇妙，初步树立安全用火、合理处理厨余垃圾的生活责任意识。,4,1,4,5,5,2026-05-28T03:32:26.598000,2026-05-28T03:48:46.044000,2026-05-28T03:48:45.307000
908f18c76f314927925205c655e6c36e,6,complete,science,科学,《厨房里的物质变化》,能列举生活中常见的物理变化（如水结冰、盐溶解）和化学变化（如苹果氧化、铁锅生锈）实例，并用“是否产生新物质”这一核心标准对物质变化进行初步分类。 | 通过观察厨房中水、食盐、苹果等物质的状态与特征，运用比较、分析、归纳的方法，自主建构物理变化和化学变化的概念模型。 | 能够针对厨房中的特定现象（如切菜、烧水、煎蛋），准确描述其变化前后的特征，并能基于观察提出可探究方法。 | 在探究活动中体会科学与生活的紧密联系，感受物质变化的奇妙，初步树立安全用火、合理处理厨余垃圾的生活责任意识。,4,1,3,5,5,2026-05-28T03:32:38.729000,2026-05-28T03:42:29.554000,2026-05-28T03:42:29.815000
8c3b40c3f95c4d71bc54b49f8e50cfa2,8,complete,science,科学,《厨房里的物质变化》,能列举生活中常见的物理变化（如水结冰、盐溶解）和化学变化（如苹果氧化、铁锅生锈）实例，并用“是否产生新物质”这一核心标准对物质变化进行初步分类。 | 通过观察厨房中水、食盐、苹果等物质的状态与特征，运用比较、分析、归纳的方法，自主建构物理变化和化学变化的概念模型。 | 能够针对厨房中的特定现象（如切菜、烧水、煎蛋），准确描述其变化前后的特征，并能基于观察提出可探究方法。 | 在探究活动中体会科学与生活的紧密联系，感受物质变化的奇妙，初步树立安全用火、合理处理厨余垃圾的生活责任意识。,4,1,4,5,5,2026-05-28T03:32:41.677000,2026-05-28T03:45:42.215000,2026-05-28T03:45:41.641000
9a0fa8235d0f42789d47f1bde4a7839c,18,complete,science,科学,《厨房里的物质变化》,能列举生活中常见的物理变化（如水结冰、盐溶解）和化学变化（如苹果氧化、铁锅生锈）实例，并用“是否产生新物质”这一核心标准对物质变化进行初步分类。 | 通过观察厨房中水、食盐、苹果等物质的状态与特征，运用比较、分析、归纳的方法，自主建构物理变化和化学变化的概念模型。 | 能够针对厨房中的特定现象（如切菜、烧水、煎蛋），准确描述其变化前后的特征，并能基于观察提出可探究方法。 | 在探究活动中体会科学与生活的紧密联系，感受物质变化的奇妙，初步树立安全用火、合理处理厨余垃圾的生活责任意识。,4,1,3,5,5,2026-05-28T03:35:39.312000,2026-05-28T03:46:46.660000,2026-05-28T03:46:46.944000
0963a4db23cc465c920b5755498b4014,45,complete,science,科学,《厨房里的物质变化》,能列举生活中常见的物理变化（如水结冰、盐溶解）和化学变化（如苹果氧化、铁锅生锈）实例，并用“是否产生新物质”这一核心标准对物质变化进行初步分类。 | 通过观察厨房中水、食盐、苹果等物质的状态与特征，运用比较、分析、归纳的方法，自主建构物理变化和化学变化的概念模型。 | 能够针对厨房中的特定现象（如切菜、烧水、煎蛋），准确描述其变化前后的特征，并能基于观察提出可探究方法。 | 在探究活动中体会科学与生活的紧密联系，感受物质变化的奇妙，初步树立安全用火、合理处理厨余垃圾的生活责任意识。,4,1,3,5,5,2026-05-28T03:39:09.147000,2026-05-28T03:50:16.401000,2026-05-28T03:50:16.613000
e5519bbaaf8343cf99fdcce2e0bda1b1,25,complete,science,科学,《厨房里的物质变化》,能列举生活中常见的物理变化（如水结冰、盐溶解）和化学变化（如苹果氧化、铁锅生锈）实例，并用“是否产生新物质”这一核心标准对物质变化进行初步分类。 | 通过观察厨房中水、食盐、苹果等物质的状态与特征，运用比较、分析、归纳的方法，自主建构物理变化和化学变化的概念模型。 | 能够针对厨房中的特定现象（如切菜、烧水、煎蛋），准确描述其变化前后的特征，并能基于观察提出可探究方法。 | 在探究活动中体会科学与生活的紧密联系，感受物质变化的奇妙，初步树立安全用火、合理处理厨余垃圾的生活责任意识。,4,1,4,5,5,2026-05-28T03:41:35.054000,2026-05-28T03:47:30.505000,2026-05-28T03:47:31.445000
72da6448895249779d71591c4d5177a7,15,complete,science,科学,《厨房里的物质变化》,能列举生活中常见的物理变化（如水结冰、盐溶解）和化学变化（如苹果氧化、铁锅生锈）实例，并用“是否产生新物质”这一核心标准对物质变化进行初步分类。 | 通过观察厨房中水、食盐、苹果等物质的状态与特征，运用比较、分析、归纳的方法，自主建构物理变化和化学变化的概念模型。 | 能够针对厨房中的特定现象（如切菜、烧水、煎蛋），准确描述其变化前后的特征，并能基于观察提出可探究方法。 | 在探究活动中体会科学与生活的紧密联系，感受物质变化的奇妙，初步树立安全用火、合理处理厨余垃圾的生活责任意识。,4,1,4,5,5,2026-05-28T03:45:04.402000,2026-05-28T03:55:07.349000,2026-05-28T03:55:10.988000
b3247e9f63d24629854a0fc6af95fab5,test,reflection,math,数学,《可爱的小猫》,经历将“小猫乐乐”在方格纸上利用“数对”放大的探索过程，通过“填一填”“画一画”等活动，体会用“数对”的变化进行图形的放大与缩小的方法，积累数学活动经验。 | 在活动中体验图形的多种变化，感受在方格纸上利用“数对”进行图形的放大与缩小的趣味性，激发数学兴趣。,2,1,0,0,0,2026-05-28T03:47:54.561000,2026-05-28T03:47:55.280000,
0dbb36cf21f84103b571594d19207bc0,test,reflection,math,数学,《可爱的小猫》,经历将“小猫乐乐”在方格纸上利用“数对”放大的探索过程，通过“填一填”“画一画”等活动，体会用“数对”的变化进行图形的放大与缩小的方法，积累数学活动经验。 | 在活动中体验图形的多种变化，感受在方格纸上利用“数对”进行图形的放大与缩小的趣味性，激发数学兴趣。,2,1,0,0,0,2026-05-28T04:16:08.778000,2026-05-28T04:16:09.569000,
c69b13b6e76b46cc83150ac37904a49f,test,defense,math,数学,《可爱的小猫》,经历将“小猫乐乐”在方格纸上利用“数对”放大的探索过程，通过“填一填”“画一画”等活动，体会用“数对”的变化进行图形的放大与缩小的方法，积累数学活动经验。 | 在活动中体验图形的多种变化，感受在方格纸上利用“数对”进行图形的放大与缩小的趣味性，激发数学兴趣。,2,1,2,2,2,2026-05-28T04:16:26.965000,2026-05-28T04:24:26.700000,
ef59b4976e504383bad0090e43c10567,43,complete,english,英语,Unit 6 Summer Vacation,"通过听、说、读、写等形式的语言活动，帮助学生复习前几册有关Travel Plan, Winter Vacation, Special Days, Transportation和Around the World等话题的重点词汇和功能句，引导学生综合运用所学语言知识和技能进行交流。 | 引导学生就所听材料或所读短文的内容与他人展开对话交流。 | 引导学生仿照阅读文段，按相应的提示或要求写几个意义连贯的句子。",3,1,4,5,5,2026-05-28T04:45:44.514000,2026-05-28T04:54:35.912000,2026-05-28T04:54:35.072000
42f9952fc79f4440ab59c14a79b522f1,21,complete,english,英语,Unit 6 Summer Vacation,"通过听、说、读、写等形式的语言活动，帮助学生复习前几册有关Travel Plan, Winter Vacation, Special Days, Transportation和Around the World等话题的重点词汇和功能句，引导学生综合运用所学语言知识和技能进行交流。 | 引导学生就所听材料或所读短文的内容与他人展开对话交流。 | 引导学生仿照阅读文段，按相应的提示或要求写几个意义连贯的句子。",3,1,4,5,5,2026-05-28T04:45:45.499000,2026-05-28T04:52:43.171000,2026-05-28T04:52:42.264000
62a11d29ca0d47ffafdbb9a90d72421c,3,complete,english,英语,Unit 6 Summer Vacation,"通过听、说、读、写等形式的语言活动，帮助学生复习前几册有关Travel Plan, Winter Vacation, Special Days, Transportation和Around the World等话题的重点词汇和功能句，引导学生综合运用所学语言知识和技能进行交流。 | 引导学生就所听材料或所读短文的内容与他人展开对话交流。 | 引导学生仿照阅读文段，按相应的提示或要求写几个意义连贯的句子。",3,1,4,5,5,2026-05-28T04:45:45.781000,2026-05-28T04:53:26.634000,2026-05-28T04:53:25.305000
02fdd78d8085472393f1ccf3ee5b6803,22,complete,english,英语,Unit 6 Summer Vacation,"通过听、说、读、写等形式的语言活动，帮助学生复习前几册有关Travel Plan, Winter Vacation, Special Days, Transportation和Around the World等话题的重点词汇和功能句，引导学生综合运用所学语言知识和技能进行交流。 | 引导学生就所听材料或所读短文的内容与他人展开对话交流。 | 引导学生仿照阅读文段，按相应的提示或要求写几个意义连贯的句子。",3,1,3,5,5,2026-05-28T04:45:46.011000,2026-05-28T04:54:07.596000,2026-05-28T04:54:06.705000
949be937cc224ab38566ae731cc89d1f,44,complete,english,英语,Unit 6 Summer Vacation,"通过听、说、读、写等形式的语言活动，帮助学生复习前几册有关Travel Plan, Winter Vacation, Special Days, Transportation和Around the World等话题的重点词汇和功能句，引导学生综合运用所学语言知识和技能进行交流。 | 引导学生就所听材料或所读短文的内容与他人展开对话交流。 | 引导学生仿照阅读文段，按相应的提示或要求写几个意义连贯的句子。",3,1,4,5,5,2026-05-28T04:45:46.216000,2026-05-28T04:54:45.812000,2026-05-28T04:54:44.488000
b0a2fdefecbb46a28c03030158f00761,34,complete,english,英语,Unit 6 Summer Vacation,"通过听、说、读、写等形式的语言活动，帮助学生复习前几册有关Travel Plan, Winter Vacation, Special Days, Transportation和Around the World等话题的重点词汇和功能句，引导学生综合运用所学语言知识和技能进行交流。 | 引导学生就所听材料或所读短文的内容与他人展开对话交流。 | 引导学生仿照阅读文段，按相应的提示或要求写几个意义连贯的句子。",3,1,4,5,5,2026-05-28T04:45:46.593000,2026-05-28T04:52:53.273000,2026-05-28T04:52:52.454000
67622f62b687473e83e33fd25820aef9,31,complete,english,英语,Unit 6 Summer Vacation,"通过听、说、读、写等形式的语言活动，帮助学生复习前几册有关Travel Plan, Winter Vacation, Special Days, Transportation和Around the World等话题的重点词汇和功能句，引导学生综合运用所学语言知识和技能进行交流。 | 引导学生就所听材料或所读短文的内容与他人展开对话交流。 | 引导学生仿照阅读文段，按相应的提示或要求写几个意义连贯的句子。",3,1,4,5,5,2026-05-28T04:45:47.189000,2026-05-28T04:52:43.788000,2026-05-28T04:52:42.288000
387720a450f2473cbc3b088cc58dcca1,8,complete,english,英语,Unit 6 Summer Vacation,"通过听、说、读、写等形式的语言活动，帮助学生复习前几册有关Travel Plan, Winter Vacation, Special Days, Transportation和Around the World等话题的重点词汇和功能句，引导学生综合运用所学语言知识和技能进行交流。 | 引导学生就所听材料或所读短文的内容与他人展开对话交流。 | 引导学生仿照阅读文段，按相应的提示或要求写几个意义连贯的句子。",3,1,4,5,5,2026-05-28T04:45:47.277000,2026-05-28T04:54:39.281000,2026-05-28T04:54:39.915000
55e563c4da32429092178bd6befa2d6e,2,complete,english,英语,Unit 6 Summer Vacation,"通过听、说、读、写等形式的语言活动，帮助学生复习前几册有关Travel Plan, Winter Vacation, Special Days, Transportation和Around the World等话题的重点词汇和功能句，引导学生综合运用所学语言知识和技能进行交流。 | 引导学生就所听材料或所读短文的内容与他人展开对话交流。 | 引导学生仿照阅读文段，按相应的提示或要求写几个意义连贯的句子。",3,1,4,5,5,2026-05-28T04:45:47.409000,2026-05-28T04:55:13.494000,2026-05-28T04:55:12.646000
f4d8175fbab94ddc8b601c36c80b7e68,26,complete,english,英语,Unit 6 Summer Vacation,"通过听、说、读、写等形式的语言活动，帮助学生复习前几册有关Travel Plan, Winter Vacation, Special Days, Transportation和Around the World等话题的重点词汇和功能句，引导学生综合运用所学语言知识和技能进行交流。 | 引导学生就所听材料或所读短文的内容与他人展开对话交流。 | 引导学生仿照阅读文段，按相应的提示或要求写几个意义连贯的句子。",3,1,4,5,5,2026-05-28T04:45:47.940000,2026-05-28T04:53:28.993000,2026-05-28T04:53:28.947000
a8d8d36c78f24e00bdc8e8cc9b11dd47,41,complete,english,英语,Unit 6 Summer Vacation,"通过听、说、读、写等形式的语言活动，帮助学生复习前几册有关Travel Plan, Winter Vacation, Special Days, Transportation和Around the World等话题的重点词汇和功能句，引导学生综合运用所学语言知识和技能进行交流。 | 引导学生就所听材料或所读短文的内容与他人展开对话交流。 | 引导学生仿照阅读文段，按相应的提示或要求写几个意义连贯的句子。",3,1,4,5,5,2026-05-28T04:45:48.004000,2026-05-28T04:53:07.115000,2026-05-28T04:53:09.189000
d19050da13884c4e983cc4e04143225e,37,complete,english,英语,Unit 6 Summer Vacation,"通过听、说、读、写等形式的语言活动，帮助学生复习前几册有关Travel Plan, Winter Vacation, Special Days, Transportation和Around the World等话题的重点词汇和功能句，引导学生综合运用所学语言知识和技能进行交流。 | 引导学生就所听材料或所读短文的内容与他人展开对话交流。 | 引导学生仿照阅读文段，按相应的提示或要求写几个意义连贯的句子。",3,1,4,5,5,2026-05-28T04:45:48.038000,2026-05-28T04:51:19.602000,2026-05-28T04:51:18.731000
27cf2a6470434fe5aec1c86483489494,4,complete,english,英语,Unit 6 Summer Vacation,"通过听、说、读、写等形式的语言活动，帮助学生复习前几册有关Travel Plan, Winter Vacation, Special Days, Transportation和Around the World等话题的重点词汇和功能句，引导学生综合运用所学语言知识和技能进行交流。 | 引导学生就所听材料或所读短文的内容与他人展开对话交流。 | 引导学生仿照阅读文段，按相应的提示或要求写几个意义连贯的句子。",3,1,4,5,5,2026-05-28T04:45:48.053000,2026-05-28T04:54:24.353000,2026-05-28T04:54:22.517000
5f796129486745f0ae4fb7d2ae883317,5,complete,english,英语,Unit 6 Summer Vacation,"通过听、说、读、写等形式的语言活动，帮助学生复习前几册有关Travel Plan, Winter Vacation, Special Days, Transportation和Around the World等话题的重点词汇和功能句，引导学生综合运用所学语言知识和技能进行交流。 | 引导学生就所听材料或所读短文的内容与他人展开对话交流。 | 引导学生仿照阅读文段，按相应的提示或要求写几个意义连贯的句子。",3,1,4,5,5,2026-05-28T04:45:48.081000,2026-05-28T04:52:33.897000,2026-05-28T04:52:33.341000
fc0100d2abc44e08b76aadbe60841285,45,complete,english,英语,Unit 6 Summer Vacation,"通过听、说、读、写等形式的语言活动，帮助学生复习前几册有关Travel Plan, Winter Vacation, Special Days, Transportation和Around the World等话题的重点词汇和功能句，引导学生综合运用所学语言知识和技能进行交流。 | 引导学生就所听材料或所读短文的内容与他人展开对话交流。 | 引导学生仿照阅读文段，按相应的提示或要求写几个意义连贯的句子。",3,1,4,5,5,2026-05-28T04:45:48.411000,2026-05-28T04:52:19.237000,2026-05-28T04:52:19.082000
f44d04aef8124e9ca390c75c5262fefd,25,complete,english,英语,Unit 6 Summer Vacation,"通过听、说、读、写等形式的语言活动，帮助学生复习前几册有关Travel Plan, Winter Vacation, Special Days, Transportation和Around the World等话题的重点词汇和功能句，引导学生综合运用所学语言知识和技能进行交流。 | 引导学生就所听材料或所读短文的内容与他人展开对话交流。 | 引导学生仿照阅读文段，按相应的提示或要求写几个意义连贯的句子。",3,1,4,5,5,2026-05-28T04:45:48.714000,2026-05-28T04:54:10.151000,2026-05-28T04:54:09.132000
7fe5339e4c674e26992154999bba7d3c,39,complete,english,英语,Unit 6 Summer Vacation,"通过听、说、读、写等形式的语言活动，帮助学生复习前几册有关Travel Plan, Winter Vacation, Special Days, Transportation和Around the World等话题的重点词汇和功能句，引导学生综合运用所学语言知识和技能进行交流。 | 引导学生就所听材料或所读短文的内容与他人展开对话交流。 | 引导学生仿照阅读文段，按相应的提示或要求写几个意义连贯的句子。",3,1,3,5,5,2026-05-28T04:45:48.818000,2026-05-28T04:53:47.447000,2026-05-28T04:53:45.820000
f89060d69bc44a1dac718052a453f563,35,complete,english,英语,Unit 6 Summer Vacation,"通过听、说、读、写等形式的语言活动，帮助学生复习前几册有关Travel Plan, Winter Vacation, Special Days, Transportation和Around the World等话题的重点词汇和功能句，引导学生综合运用所学语言知识和技能进行交流。 | 引导学生就所听材料或所读短文的内容与他人展开对话交流。 | 引导学生仿照阅读文段，按相应的提示或要求写几个意义连贯的句子。",3,1,4,5,5,2026-05-28T04:45:49.070000,2026-05-28T04:53:16.014000,2026-05-28T04:53:15.519000
e97d3b40cd754c6e9a46c5bad565c176,40,complete,english,英语,Unit 6 Summer Vacation,"通过听、说、读、写等形式的语言活动，帮助学生复习前几册有关Travel Plan, Winter Vacation, Special Days, Transportation和Around the World等话题的重点词汇和功能句，引导学生综合运用所学语言知识和技能进行交流。 | 引导学生就所听材料或所读短文的内容与他人展开对话交流。 | 引导学生仿照阅读文段，按相应的提示或要求写几个意义连贯的句子。",3,1,4,5,5,2026-05-28T04:45:49.106000,2026-05-28T04:52:52.465000,2026-05-28T04:52:51.380000
33459e83b5894addbb98416146f36bbc,28,complete,english,英语,Unit 6 Summer Vacation,"通过听、说、读、写等形式的语言活动，帮助学生复习前几册有关Travel Plan, Winter Vacation, Special Days, Transportation和Around the World等话题的重点词汇和功能句，引导学生综合运用所学语言知识和技能进行交流。 | 引导学生就所听材料或所读短文的内容与他人展开对话交流。 | 引导学生仿照阅读文段，按相应的提示或要求写几个意义连贯的句子。",3,1,4,5,5,2026-05-28T04:45:49.192000,2026-05-28T04:53:47.799000,2026-05-28T04:53:47.255000
3133d8c719844aeca1163c4884fabd76,12,complete,english,英语,Unit 6 Summer Vacation,"通过听、说、读、写等形式的语言活动，帮助学生复习前几册有关Travel Plan, Winter Vacation, Special Days, Transportation和Around the World等话题的重点词汇和功能句，引导学生综合运用所学语言知识和技能进行交流。 | 引导学生就所听材料或所读短文的内容与他人展开对话交流。 | 引导学生仿照阅读文段，按相应的提示或要求写几个意义连贯的句子。",3,1,4,5,5,2026-05-28T04:45:49.345000,2026-05-28T04:55:34.235000,2026-05-28T04:55:33.392000
c7c507feccbb4ab6973e7cb0f2a152db,1,complete,english,英语,Unit 6 Summer Vacation,"通过听、说、读、写等形式的语言活动，帮助学生复习前几册有关Travel Plan, Winter Vacation, Special Days, Transportation和Around the World等话题的重点词汇和功能句，引导学生综合运用所学语言知识和技能进行交流。 | 引导学生就所听材料或所读短文的内容与他人展开对话交流。 | 引导学生仿照阅读文段，按相应的提示或要求写几个意义连贯的句子。",3,1,4,5,5,2026-05-28T04:45:49.379000,2026-05-28T04:50:50.454000,2026-05-28T04:50:50.653000
b6b38034738048ed9f2b1650986d3a20,9,complete,english,英语,Unit 6 Summer Vacation,"通过听、说、读、写等形式的语言活动，帮助学生复习前几册有关Travel Plan, Winter Vacation, Special Days, Transportation和Around the World等话题的重点词汇和功能句，引导学生综合运用所学语言知识和技能进行交流。 | 引导学生就所听材料或所读短文的内容与他人展开对话交流。 | 引导学生仿照阅读文段，按相应的提示或要求写几个意义连贯的句子。",3,1,4,5,5,2026-05-28T04:45:49.886000,2026-05-28T04:55:57.096000,2026-05-28T04:56:00.515000
956ad22ebecc4608820de5366b14e862,29,complete,english,英语,Unit 6 Summer Vacation,"通过听、说、读、写等形式的语言活动，帮助学生复习前几册有关Travel Plan, Winter Vacation, Special Days, Transportation和Around the World等话题的重点词汇和功能句，引导学生综合运用所学语言知识和技能进行交流。 | 引导学生就所听材料或所读短文的内容与他人展开对话交流。 | 引导学生仿照阅读文段，按相应的提示或要求写几个意义连贯的句子。",3,1,3,5,5,2026-05-28T04:45:50.748000,2026-05-28T04:54:06.122000,2026-05-28T04:54:05.310000
ae95b87f579c4ea6b26c6ba71af95969,32,complete,english,英语,Unit 6 Summer Vacation,"通过听、说、读、写等形式的语言活动，帮助学生复习前几册有关Travel Plan, Winter Vacation, Special Days, Transportation和Around the World等话题的重点词汇和功能句，引导学生综合运用所学语言知识和技能进行交流。 | 引导学生就所听材料或所读短文的内容与他人展开对话交流。 | 引导学生仿照阅读文段，按相应的提示或要求写几个意义连贯的句子。",3,1,4,5,5,2026-05-28T04:45:51.089000,2026-05-28T04:53:10.630000,2026-05-28T04:53:10.145000
6868054e9508442ab0ab9e5d9a251795,14,complete,english,英语,Unit 6 Summer Vacation,"通过听、说、读、写等形式的语言活动，帮助学生复习前几册有关Travel Plan, Winter Vacation, Special Days, Transportation和Around the World等话题的重点词汇和功能句，引导学生综合运用所学语言知识和技能进行交流。 | 引导学生就所听材料或所读短文的内容与他人展开对话交流。 | 引导学生仿照阅读文段，按相应的提示或要求写几个意义连贯的句子。",3,1,3,5,5,2026-05-28T04:45:51.476000,2026-05-28T04:55:39.437000,2026-05-28T04:55:38.578000
f1770f9d2afb46209ab4e7728cc171e6,23,complete,english,英语,Unit 6 Summer Vacation,"通过听、说、读、写等形式的语言活动，帮助学生复习前几册有关Travel Plan, Winter Vacation, Special Days, Transportation和Around the World等话题的重点词汇和功能句，引导学生综合运用所学语言知识和技能进行交流。 | 引导学生就所听材料或所读短文的内容与他人展开对话交流。 | 引导学生仿照阅读文段，按相应的提示或要求写几个意义连贯的句子。",3,1,4,5,5,2026-05-28T04:45:51.851000,2026-05-28T04:56:17.636000,2026-05-28T04:56:18.357000
63ec15dbd470458a825459b7349cc05f,13,complete,english,英语,Unit 6 Summer Vacation,"通过听、说、读、写等形式的语言活动，帮助学生复习前几册有关Travel Plan, Winter Vacation, Special Days, Transportation和Around the World等话题的重点词汇和功能句，引导学生综合运用所学语言知识和技能进行交流。 | 引导学生就所听材料或所读短文的内容与他人展开对话交流。 | 引导学生仿照阅读文段，按相应的提示或要求写几个意义连贯的句子。",3,1,4,5,5,2026-05-28T04:45:51.983000,2026-05-28T04:53:18.289000,2026-05-28T04:53:17.319000
b081ffa990ee4ca5ac52cfe72a49afe9,42,complete,english,英语,Unit 6 Summer Vacation,"通过听、说、读、写等形式的语言活动，帮助学生复习前几册有关Travel Plan, Winter Vacation, Special Days, Transportation和Around the World等话题的重点词汇和功能句，引导学生综合运用所学语言知识和技能进行交流。 | 引导学生就所听材料或所读短文的内容与他人展开对话交流。 | 引导学生仿照阅读文段，按相应的提示或要求写几个意义连贯的句子。",3,1,4,5,5,2026-05-28T04:45:52.299000,2026-05-28T04:54:37.176000,2026-05-28T04:54:36.350000
5a86ccb93850459696ecc90d9563c1bf,24,complete,english,英语,Unit 6 Summer Vacation,"通过听、说、读、写等形式的语言活动，帮助学生复习前几册有关Travel Plan, Winter Vacation, Special Days, Transportation和Around the World等话题的重点词汇和功能句，引导学生综合运用所学语言知识和技能进行交流。 | 引导学生就所听材料或所读短文的内容与他人展开对话交流。 | 引导学生仿照阅读文段，按相应的提示或要求写几个意义连贯的句子。",3,1,4,5,5,2026-05-28T04:45:52.830000,2026-05-28T04:56:12.662000,2026-05-28T04:56:12.688000
9854c2a6fc644dbbbdbe5c325c703abf,19,complete,english,英语,Unit 6 Summer Vacation,"通过听、说、读、写等形式的语言活动，帮助学生复习前几册有关Travel Plan, Winter Vacation, Special Days, Transportation和Around the World等话题的重点词汇和功能句，引导学生综合运用所学语言知识和技能进行交流。 | 引导学生就所听材料或所读短文的内容与他人展开对话交流。 | 引导学生仿照阅读文段，按相应的提示或要求写几个意义连贯的句子。",3,1,4,5,5,2026-05-28T04:45:53.265000,2026-05-28T04:53:48.544000,2026-05-28T04:53:48.139000
1b7de98dae1e4de9bc38f41777c7b05a,17,complete,english,英语,Unit 6 Summer Vacation,"通过听、说、读、写等形式的语言活动，帮助学生复习前几册有关Travel Plan, Winter Vacation, Special Days, Transportation和Around the World等话题的重点词汇和功能句，引导学生综合运用所学语言知识和技能进行交流。 | 引导学生就所听材料或所读短文的内容与他人展开对话交流。 | 引导学生仿照阅读文段，按相应的提示或要求写几个意义连贯的句子。",3,1,4,5,5,2026-05-28T04:45:53.680000,2026-05-28T04:55:17.009000,2026-05-28T04:55:16.466000
9e300a5189f84394addb94d88f40372d,30,complete,english,英语,Unit 6 Summer Vacation,"通过听、说、读、写等形式的语言活动，帮助学生复习前几册有关Travel Plan, Winter Vacation, Special Days, Transportation和Around the World等话题的重点词汇和功能句，引导学生综合运用所学语言知识和技能进行交流。 | 引导学生就所听材料或所读短文的内容与他人展开对话交流。 | 引导学生仿照阅读文段，按相应的提示或要求写几个意义连贯的句子。",3,1,3,5,5,2026-05-28T04:46:19.746000,2026-05-28T04:54:19.417000,2026-05-28T04:54:19.307000
57588b13f0c148d4b2042c7fec2744cb,36,complete,english,英语,Unit 6 Summer Vacation,"通过听、说、读、写等形式的语言活动，帮助学生复习前几册有关Travel Plan, Winter Vacation, Special Days, Transportation和Around the World等话题的重点词汇和功能句，引导学生综合运用所学语言知识和技能进行交流。 | 引导学生就所听材料或所读短文的内容与他人展开对话交流。 | 引导学生仿照阅读文段，按相应的提示或要求写几个意义连贯的句子。",3,1,4,5,5,2026-05-28T04:46:39.383000,2026-05-28T04:52:58.285000,2026-05-28T04:52:58.138000
d3872562e1524d2586cd2feebed55cbf,20,complete,english,英语,Unit 6 Summer Vacation,"通过听、说、读、写等形式的语言活动，帮助学生复习前几册有关Travel Plan, Winter Vacation, Special Days, Transportation和Around the World等话题的重点词汇和功能句，引导学生综合运用所学语言知识和技能进行交流。 | 引导学生就所听材料或所读短文的内容与他人展开对话交流。 | 引导学生仿照阅读文段，按相应的提示或要求写几个意义连贯的句子。",3,1,4,5,5,2026-05-28T04:54:30.422000,2026-05-28T05:00:45.913000,2026-05-28T05:00:45.256000
